wl (nm),ir (W m-2 nm-1)
250,0.00E+00
251,0.00E+00
252,0.00E+00
253,0.00E+00
254,0.00E+00
255,0.00E+00
256,0.00E+00
257,0.00E+00
258,0.00E+00
259,0.00E+00
260,0.00E+00
261,0.00E+00
262,0.00E+00
263,0.00E+00
264,0.00E+00
265,0.00E+00
266,0.00E+00
267,0.00E+00
268,0.00E+00
269,0.00E+00
270,0.00E+00
271,0.00E+00
272,0.00E+00
273,0.00E+00
274,0.00E+00
275,0.00E+00
276,0.00E+00
277,0.00E+00
278,0.00E+00
279,0.00E+00
280,4.73E-23
281,5.69E-21
282,1.19E-18
283,1.85E-17
284,7.27E-16
285,8.01E-15
286,1.37E-13
287,2.74E-12
288,6.23E-11
289,5.63E-10
290,6.02E-09
291,3.51E-08
292,2.68E-07
293,8.65E-07
294,4.17E-06
295,1.23E-05
296,4.79E-05
297,9.68E-05
298,2.90E-04
299,4.92E-04
300,0.00102
301,0.00193
302,0.00292
303,0.00709
304,0.00947
305,0.01646
306,0.01858
307,0.02785
308,0.03784
309,0.04053
310,0.05094
311,0.08292
312,0.09338
313,0.10733
314,0.11969
315,0.13625
316,0.12348
317,0.17158
318,0.17594
319,0.2047
320,0.20527
321,0.25024
322,0.22203
323,0.21226
324,0.27537
325,0.27894
326,0.3812
327,0.39806
328,0.35116
329,0.42235
330,0.47139
331,0.40262
332,0.43623
333,0.42944
334,0.41497
335,0.46388
336,0.41519
337,0.3738
338,0.43411
339,0.46355
340,0.5018
341,0.47139
342,0.48934
343,0.51489
344,0.41843
345,0.45898
346,0.47778
347,0.49404
348,0.47511
349,0.46564
350,0.52798
351,0.55172
352,0.51791
353,0.5204
354,0.60498
355,0.6114
356,0.55387
357,0.45673
358,0.43006
359,0.46953
360,0.59817
361,0.52024
362,0.5342
363,0.60191
364,0.60628
365,0.62359
366,0.73532
367,0.72285
368,0.66759
369,0.69315
370,0.75507
371,0.69338
372,0.67444
373,0.61886
374,0.5564
375,0.5893
376,0.6748
377,0.71225
378,0.85595
379,0.74389
380,0.70077
381,0.76383
382,0.58678
383,0.45499
384,0.50968
385,0.67355
386,0.621
387,0.65147
388,0.63582
389,0.68543
390,0.79699
391,0.85138
392,0.79493
393,0.47975
394,0.49567
395,0.80772
396,0.75655
397,0.42619
398,0.85249
399,1.0693
400,1.1141
401,1.1603
402,1.2061
403,1.1613
404,1.1801
405,1.1511
406,1.1227
407,1.1026
408,1.1514
409,1.2299
410,1.0485
411,1.1738
412,1.2478
413,1.1971
414,1.1842
415,1.2258
416,1.2624
417,1.2312
418,1.1777
419,1.2258
420,1.1232
421,1.2757
422,1.2583
423,1.2184
424,1.2117
425,1.2488
426,1.2135
427,1.1724
428,1.1839
429,1.0963
430,0.87462
431,0.79394
432,1.3207
433,1.2288
434,1.1352
435,1.2452
436,1.3659
437,1.3943
438,1.2238
439,1.1775
440,1.3499
441,1.3313
442,1.425
443,1.4453
444,1.4084
445,1.4619
446,1.3108
447,1.4903
448,1.5081
449,1.5045
450,1.5595
451,1.6173
452,1.5482
453,1.4297
454,1.5335
455,1.5224
456,1.5724
457,1.5854
458,1.5514
459,1.5391
460,1.5291
461,1.5827
462,1.5975
463,1.6031
464,1.5544
465,1.535
466,1.5673
467,1.4973
468,1.5619
469,1.5682
470,1.5077
471,1.5331
472,1.6126
473,1.5499
474,1.5671
475,1.6185
476,1.5631
477,1.5724
478,1.623
479,1.5916
480,1.6181
481,1.6177
482,1.6236
483,1.6038
484,1.5734
485,1.5683
486,1.2716
487,1.4241
488,1.5413
489,1.4519
490,1.6224
491,1.5595
492,1.4869
493,1.5903
494,1.5525
495,1.6485
496,1.5676
497,1.5944
498,1.5509
499,1.5507
500,1.5451
501,1.4978
502,1.4966
503,1.5653
504,1.4587
505,1.5635
506,1.6264
507,1.556
508,1.5165
509,1.5893
510,1.5481
511,1.5769
512,1.6186
513,1.5206
514,1.4885
515,1.5314
516,1.5455
517,1.2594
518,1.4403
519,1.3957
520,1.5236
521,1.5346
522,1.569
523,1.4789
524,1.5905
525,1.5781
526,1.5341
527,1.3417
528,1.5357
529,1.6071
530,1.5446
531,1.6292
532,1.5998
533,1.4286
534,1.5302
535,1.5535
536,1.6199
537,1.4989
538,1.5738
539,1.5352
540,1.4825
541,1.4251
542,1.5511
543,1.5256
544,1.5792
545,1.5435
546,1.5291
547,1.549
548,1.5049
549,1.552
550,1.5399
551,1.5382
552,1.5697
553,1.525
554,1.5549
555,1.5634
556,1.5366
557,1.4988
558,1.531
559,1.4483
560,1.474
561,1.5595
562,1.4847
563,1.5408
564,1.5106
565,1.5201
566,1.4374
567,1.532
568,1.518
569,1.4807
570,1.4816
571,1.4331
572,1.5134
573,1.5198
574,1.5119
575,1.4777
576,1.4654
577,1.5023
578,1.456
579,1.477
580,1.502
581,1.5089
582,1.532
583,1.5479
584,1.5448
585,1.5324
586,1.4953
587,1.5281
588,1.4934
589,1.2894
590,1.3709
591,1.4662
592,1.4354
593,1.4561
594,1.4491
595,1.4308
596,1.4745
597,1.4788
598,1.4607
599,1.4606
600,1.4753
601,1.4579
602,1.436
603,1.4664
604,1.4921
605,1.4895
606,1.4822
607,1.4911
608,1.4862
609,1.4749
610,1.4686
611,1.4611
612,1.4831
613,1.4621
614,1.4176
615,1.4697
616,1.431
617,1.4128
618,1.4664
619,1.4733
620,1.4739
621,1.4802
622,1.4269
623,1.4165
624,1.4118
625,1.4026
626,1.4012
627,1.4417
628,1.3631
629,1.4114
630,1.3924
631,1.4161
632,1.3638
633,1.4508
634,1.4284
635,1.4458
636,1.4128
637,1.461
638,1.4707
639,1.4646
640,1.434
641,1.4348
642,1.4376
643,1.4525
644,1.4462
645,1.4567
646,1.415
647,1.4086
648,1.3952
649,1.3519
650,1.3594
651,1.4447
652,1.3871
653,1.4311
654,1.4153
655,1.3499
656,1.1851
657,1.2393
658,1.3855
659,1.3905
660,1.3992
661,1.3933
662,1.3819
663,1.3844
664,1.3967
665,1.4214
666,1.4203
667,1.4102
668,1.415
669,1.4394
670,1.4196
671,1.4169
672,1.3972
673,1.4094
674,1.4074
675,1.3958
676,1.412
677,1.3991
678,1.4066
679,1.3947
680,1.3969
681,1.3915
682,1.3981
683,1.383
684,1.3739
685,1.3748
686,1.3438
687,0.96824
688,1.1206
689,1.1278
690,1.1821
691,1.2333
692,1.2689
693,1.2609
694,1.2464
695,1.2714
696,1.2684
697,1.3403
698,1.3192
699,1.2918
700,1.2823
701,1.2659
702,1.2674
703,1.2747
704,1.3078
705,1.3214
706,1.3144
707,1.309
708,1.3048
709,1.3095
710,1.3175
711,1.3155
712,1.3071
713,1.2918
714,1.3029
715,1.2587
716,1.2716
717,1.1071
718,1.0296
719,0.92318
720,0.9855
721,1.0861
722,1.2407
723,1.1444
724,1.0555
725,1.038
726,1.0813
727,1.085
728,1.04
729,1.0466
730,1.1285
731,1.0703
732,1.1534
733,1.1962
734,1.2357
735,1.2178
736,1.2059
737,1.2039
738,1.2269
739,1.1905
740,1.2195
741,1.2148
742,1.2153
743,1.2405
744,1.2503
745,1.2497
746,1.247
747,1.2477
748,1.2401
749,1.2357
750,1.2341
751,1.2286
752,1.233
753,1.2266
754,1.242
755,1.2383
756,1.2232
757,1.2221
758,1.2295
759,1.1945
760,0.26604
761,0.15396
762,0.68766
763,0.37952
764,0.53878
765,0.68601
766,0.81461
767,0.97417
768,1.1138
769,1.1278
770,1.1608
771,1.1686
772,1.1778
773,1.1771
774,1.1771
775,1.1771
776,1.1798
777,1.1727
778,1.1713
779,1.1765
780,1.1636
781,1.1607
782,1.1662
783,1.1614
784,1.1536
785,1.1586
786,1.1592
787,1.145
788,1.1305
789,1.1257
790,1.091
791,1.1058
792,1.0953
793,1.0875
794,1.0972
795,1.0932
796,1.0742
797,1.0913
798,1.1121
799,1.0905
800,1.0725
801,1.0843
802,1.0856
803,1.0657
804,1.0782
805,1.0545
806,1.0974
807,1.0859
808,1.0821
809,1.0548
810,1.0559
811,1.0533
812,1.0268
813,1.0086
814,0.90356
815,0.89523
816,0.83216
817,0.85183
818,0.82259
819,0.90519
820,0.86188
821,0.99764
822,0.95157
823,0.67271
824,0.93506
825,0.96935
826,0.93381
827,0.98465
828,0.84979
829,0.9293
830,0.91601
831,0.92392
832,0.89426
833,0.9565
834,0.93412
835,1.0032
836,0.97234
837,1.0092
838,0.99901
839,1.0013
840,1.0157
841,1.0101
842,0.99703
843,1.0053
844,0.98631
845,1.0165
846,1.0187
847,0.9917
848,0.99217
849,0.98596
850,0.89372
851,0.97493
852,0.96927
853,0.96486
854,0.85112
855,0.913
856,0.97317
857,0.99166
858,0.99196
859,0.99171
860,0.98816
861,0.98679
862,0.99449
863,1.0005
864,0.97916
865,0.96324
866,0.849
867,0.91546
868,0.9592
869,0.94956
870,0.96755
871,0.95387
872,0.96686
873,0.95721
874,0.94042
875,0.92687
876,0.95277
877,0.95615
878,0.95237
879,0.93656
880,0.93957
881,0.90861
882,0.93245
883,0.92927
884,0.93305
885,0.94423
886,0.90752
887,0.91062
888,0.92228
889,0.93455
890,0.92393
891,0.92584
892,0.90881
893,0.87327
894,0.8513
895,0.81357
896,0.76253
897,0.66566
898,0.7178
899,0.54871
900,0.7426
901,0.59933
902,0.66791
903,0.68889
904,0.84457
905,0.81709
906,0.77558
907,0.63854
908,0.65217
909,0.70431
910,0.62467
911,0.66808
912,0.68893
913,0.62834
914,0.62649
915,0.67836
916,0.57646
917,0.73017
918,0.59271
919,0.73877
920,0.74414
921,0.78049
922,0.70026
923,0.74504
924,0.7215
925,0.7111
926,0.70331
927,0.78742
928,0.58968
929,0.55127
930,0.4321
931,0.40921
932,0.30086
933,0.24841
934,0.1438
935,0.25084
936,0.16142
937,0.16338
938,0.20058
939,0.39887
940,0.47181
941,0.37195
942,0.40532
943,0.27834
944,0.28579
945,0.36821
946,0.19461
947,0.37112
948,0.27423
949,0.49396
950,0.14726
951,0.48378
952,0.26891
953,0.34362
954,0.42411
955,0.34117
956,0.32821
957,0.27067
958,0.46101
959,0.37385
960,0.42066
961,0.4612
962,0.44174
963,0.50503
964,0.4586
965,0.50374
966,0.50275
967,0.5024
968,0.6521
969,0.68622
970,0.63461
971,0.71397
972,0.68765
973,0.60648
974,0.57529
975,0.58987
976,0.57191
977,0.63864
978,0.61509
979,0.63815
980,0.60468
981,0.71338
982,0.69218
983,0.66865
984,0.73732
985,0.68817
986,0.75083
987,0.73928
988,0.73462
989,0.74906
990,0.73227
991,0.75358
992,0.75102
993,0.73728
994,0.7541
995,0.75176
996,0.74884
997,0.73971
998,0.73887
999,0.73857
1000,0.73532
1001,0.74442
1002,0.72805
1003,0.73442
1004,0.72336
1005,0.68174
1006,0.71252
1007,0.72753
1008,0.72685
1009,0.71972
1010,0.71914
1011,0.72278
1012,0.71877
1013,0.71761
1014,0.72068
1015,0.70817
1016,0.71129
1017,0.70337
1018,0.71422
1019,0.68878
1020,0.69896
1021,0.70175
1022,0.6897
1023,0.69508
1024,0.69058
1025,0.69753
1026,0.69636
1027,0.69305
1028,0.69385
1029,0.68628
1030,0.69055
1031,0.68736
1032,0.68787
1033,0.67613
1034,0.68015
1035,0.68234
1036,0.68202
1037,0.67497
1038,0.67172
1039,0.67636
1040,0.6717
1041,0.67176
1042,0.672
1043,0.66525
1044,0.66833
1045,0.66452
1046,0.64714
1047,0.65694
1048,0.66274
1049,0.65896
1050,0.65463
1051,0.65521
1052,0.65118
1053,0.64919
1054,0.64646
1055,0.64847
1056,0.64641
1057,0.64482
1058,0.63818
1059,0.61875
1060,0.63585
1061,0.62121
1062,0.63266
1063,0.62239
1064,0.63196
1065,0.62913
1066,0.61713
1067,0.62032
1068,0.61944
1069,0.58626
1070,0.60469
1071,0.61661
1072,0.61536
1073,0.60363
1074,0.62158
1075,0.59252
1076,0.61471
1077,0.60434
1078,0.60321
1079,0.60474
1080,0.59722
1081,0.58083
1082,0.5894
1083,0.59814
1084,0.57852
1085,0.5933
1086,0.5541
1087,0.56697
1088,0.59317
1089,0.57919
1090,0.55573
1091,0.58835
1092,0.58124
1093,0.51058
1094,0.53965
1095,0.52067
1096,0.50323
1097,0.57852
1098,0.50291
1099,0.50772
1100,0.48577
1101,0.49696
1102,0.46883
1103,0.46637
1104,0.46765
1105,0.50644
1106,0.39792
1107,0.48304
1108,0.41565
1109,0.41278
1110,0.47899
1111,0.33154
1112,0.41357
1113,0.2685
1114,0.29985
1115,0.24987
1116,0.20136
1117,0.07962
1118,0.21753
1119,0.11317
1120,0.14189
1121,0.18586
1122,0.08169
1123,0.12817
1124,0.1087
1125,0.14428
1126,0.05159
1127,0.15725
1128,0.09922
1129,0.10591
1130,0.07057
1131,0.2956
1132,0.23411
1133,0.15331
1134,0.04174
1135,0.01546
1136,0.12876
1137,0.28785
1138,0.20329
1139,0.2985
1140,0.25599
1141,0.19337
1142,0.22479
1143,0.31183
1144,0.11326
1145,0.14604
1146,0.15764
1147,0.05918
1148,0.27113
1149,0.21854
1150,0.12164
1151,0.2034
1152,0.24762
1153,0.23812
1154,0.14248
1155,0.31316
1156,0.2809
1157,0.31458
1158,0.31171
1159,0.33693
1160,0.28648
1161,0.34753
1162,0.35002
1163,0.46857
1164,0.40188
1165,0.3886
1166,0.37494
1167,0.40996
1168,0.41954
1169,0.4231
1170,0.45873
1171,0.44831
1172,0.45483
1173,0.45642
1174,0.33692
1175,0.4524
1176,0.47679
1177,0.47235
1178,0.36
1179,0.48371
1180,0.44069
1181,0.45514
1182,0.32318
1183,0.4387
1184,0.41985
1185,0.40741
1186,0.47715
1187,0.45575
1188,0.33504
1189,0.41569
1190,0.46239
1191,0.4466
1192,0.47336
1193,0.45434
1194,0.4689
1195,0.44696
1196,0.43131
1197,0.47715
1198,0.43392
1199,0.36489
1200,0.44825
1201,0.43708
1202,0.43717
1203,0.43409
1204,0.36247
1205,0.43692
1206,0.48086
1207,0.42986
1208,0.43346
1209,0.41428
1210,0.45336
1211,0.42232
1212,0.42489
1213,0.46956
1214,0.43407
1215,0.4278
1216,0.4664
1217,0.45528
1218,0.45934
1219,0.44663
1220,0.45805
1221,0.46531
1222,0.45139
1223,0.44406
1224,0.44808
1225,0.46236
1226,0.46819
1227,0.43304
1228,0.46658
1229,0.46721
1230,0.46003
1231,0.47203
1232,0.46633
1233,0.45397
1234,0.47016
1235,0.46504
1236,0.46908
1237,0.46339
1238,0.46797
1239,0.46272
1240,0.46077
1241,0.46197
1242,0.46247
1243,0.45754
1244,0.45528
1245,0.45655
1246,0.45945
1247,0.45746
1248,0.4586
1249,0.45966
1250,0.45705
1251,0.45258
1252,0.45097
1253,0.44773
1254,0.44363
1255,0.4507
1256,0.44023
1257,0.43532
1258,0.44496
1259,0.42725
1260,0.4311
1261,0.41146
1262,0.39567
1263,0.40019
1264,0.37148
1265,0.3957
1266,0.38527
1267,0.38822
1268,0.37051
1269,0.24652
1270,0.38744
1271,0.40825
1272,0.40879
1273,0.40625
1274,0.40614
1275,0.41233
1276,0.41693
1277,0.42001
1278,0.42763
1279,0.42456
1280,0.42204
1281,0.41335
1282,0.37305
1283,0.40733
1284,0.42078
1285,0.42399
1286,0.42714
1287,0.42213
1288,0.41989
1289,0.40936
1290,0.41285
1291,0.41786
1292,0.39618
1293,0.41257
1294,0.40421
1295,0.40514
1296,0.38957
1297,0.3713
1298,0.39183
1299,0.40852
1300,0.35312
1301,0.36228
1302,0.39181
1303,0.34621
1304,0.30062
1305,0.38382
1306,0.38453
1307,0.30594
1308,0.34696
1309,0.38413
1310,0.30114
1311,0.33366
1312,0.33337
1313,0.31352
1314,0.28833
1315,0.28581
1316,0.32419
1317,0.31217
1318,0.33328
1319,0.26855
1320,0.25872
1321,0.29866
1322,0.30217
1323,0.23279
1324,0.26249
1325,0.32224
1326,0.28051
1327,0.26625
1328,0.2345
1329,0.17759
1330,0.22923
1331,0.1448
1332,0.14579
1333,0.20304
1334,0.16925
1335,0.23117
1336,0.18348
1337,0.16454
1338,0.17804
1339,0.17681
1340,0.16831
1341,0.17039
1342,0.17798
1343,0.12711
1344,0.07565
1345,0.10904
1346,0.05819
1347,0.06012
1348,0.00475
1349,0.01616
1350,0.01603
1351,0.00463
1352,0.00152
1353,9.61E-05
1354,2.90E-04
1355,3.60E-06
1356,4.81E-05
1357,7.18E-05
1358,4.19E-06
1359,7.34E-07
1360,2.14E-06
1361,4.81E-09
1362,1.81E-11
1363,3.16E-06
1364,1.36E-06
1365,9.08E-12
1366,1.28E-05
1367,4.98E-06
1368,1.48E-13
1369,5.17E-07
1370,2.92E-07
1371,1.97E-08
1372,2.75E-06
1373,4.44E-05
1374,1.79E-04
1375,3.23E-04
1376,2.57E-04
1377,1.23E-04
1378,0.00111
1379,5.22E-05
1380,8.16E-05
1381,2.37E-06
1382,2.57E-06
1383,4.40E-08
1384,6.17E-07
1385,2.09E-06
1386,2.52E-06
1387,1.99E-04
1388,4.03E-06
1389,5.81E-04
1390,4.93E-04
1391,3.44E-04
1392,2.38E-05
1393,1.16E-04
1394,7.55E-05
1395,6.71E-07
1396,6.32E-09
1397,4.91E-05
1398,0.00127
1399,8.12E-04
1400,3.25E-09
1401,1.05E-08
1402,0.00184
1403,0.00238
1404,7.39E-04
1405,3.64E-07
1406,0.00204
1407,1.75E-04
1408,0.00165
1409,6.19E-04
1410,4.67E-04
1411,0.00211
1412,0.00264
1413,0.02335
1414,3.64E-04
1415,1.84E-04
1416,0.03556
1417,0.01176
1418,0.01356
1419,0.00214
1420,0.00827
1421,0.00916
1422,0.04631
1423,0.00922
1424,0.01698
1425,0.02585
1426,0.02779
1427,0.04955
1428,0.00456
1429,0.03802
1430,0.0616
1431,0.05016
1432,0.00252
1433,0.03583
1434,0.02096
1435,0.02142
1436,0.03835
1437,0.02988
1438,0.01326
1439,0.05104
1440,0.0396
1441,0.0318
1442,0.03632
1443,0.04506
1444,0.06179
1445,0.04975
1446,0.0231
1447,0.03621
1448,0.11569
1449,0.10213
1450,0.02741
1451,0.01127
1452,0.06236
1453,0.08198
1454,0.13759
1455,0.06615
1456,0.08851
1457,0.117
1458,0.13643
1459,0.16307
1460,0.08542
1461,0.09028
1462,0.1306
1463,0.04323
1464,0.15184
1465,0.09338
1466,0.0652
1467,0.03605
1468,0.07694
1469,0.09484
1470,0.04968
1471,0.01785
1472,0.04677
1473,0.0702
1474,0.09734
1475,0.18463
1476,0.06878
1477,0.06974
1478,0.06348
1479,0.12001
1480,0.06064
1481,0.11529
1482,0.05849
1483,0.14859
1484,0.13747
1485,0.12503
1486,0.1234
1487,0.06063
1488,0.09418
1489,0.18973
1490,0.17478
1491,0.19778
1492,0.16441
1493,0.18157
1494,0.20367
1495,0.18253
1496,0.16852
1497,0.2285
1498,0.18968
1499,0.21759
1500,0.25061
1501,0.26552
1502,0.23356
1503,0.18493
1504,0.16029
1505,0.18402
1506,0.25773
1507,0.25514
1508,0.24302
1509,0.1869
1510,0.27052
1511,0.26474
1512,0.26068
1513,0.24239
1514,0.22571
1515,0.26573
1516,0.25683
1517,0.24929
1518,0.25211
1519,0.24437
1520,0.2645
1521,0.27505
1522,0.26378
1523,0.28004
1524,0.27539
1525,0.25884
1526,0.26745
1527,0.2622
1528,0.27928
1529,0.27244
1530,0.25522
1531,0.26973
1532,0.27839
1533,0.27714
1534,0.26892
1535,0.26686
1536,0.27464
1537,0.27336
1538,0.27202
1539,0.27295
1540,0.26491
1541,0.26904
1542,0.26927
1543,0.27208
1544,0.2721
1545,0.27705
1546,0.27481
1547,0.27309
1548,0.26675
1549,0.27342
1550,0.2699
1551,0.27058
1552,0.27182
1553,0.27132
1554,0.26474
1555,0.26759
1556,0.2631
1557,0.27062
1558,0.26848
1559,0.26808
1560,0.26568
1561,0.27002
1562,0.26756
1563,0.26667
1564,0.26264
1565,0.26728
1566,0.26245
1567,0.26308
1568,0.25722
1569,0.25452
1570,0.24175
1571,0.23507
1572,0.23775
1573,0.23407
1574,0.24145
1575,0.23974
1576,0.24678
1577,0.21602
1578,0.23516
1579,0.23672
1580,0.24464
1581,0.2487
1582,0.24195
1583,0.24755
1584,0.24904
1585,0.25874
1586,0.25569
1587,0.25303
1588,0.25107
1589,0.23233
1590,0.24179
1591,0.24197
1592,0.25225
1593,0.25833
1594,0.25624
1595,0.25823
1596,0.24452
1597,0.24692
1598,0.25421
1599,0.24202
1600,0.2381
1601,0.22323
1602,0.22413
1603,0.22397
1604,0.22842
1605,0.23683
1606,0.2414
1607,0.23296
1608,0.2299
1609,0.22727
1610,0.2176
1611,0.2268
1612,0.23076
1613,0.23719
1614,0.23838
1615,0.24104
1616,0.2305
1617,0.23465
1618,0.24352
1619,0.241
1620,0.23449
1621,0.2343
1622,0.23754
1623,0.24246
1624,0.24269
1625,0.23782
1626,0.23971
1627,0.24078
1628,0.24126
1629,0.24137
1630,0.23651
1631,0.23806
1632,0.23821
1633,0.23267
1634,0.23282
1635,0.23367
1636,0.23539
1637,0.227
1638,0.22007
1639,0.22026
1640,0.21511
1641,0.2196
1642,0.22082
1643,0.21535
1644,0.22355
1645,0.21822
1646,0.21749
1647,0.22768
1648,0.21655
1649,0.21867
1650,0.22526
1651,0.20855
1652,0.22373
1653,0.22277
1654,0.21583
1655,0.22231
1656,0.22101
1657,0.22223
1658,0.22487
1659,0.2212
1660,0.22332
1661,0.22384
1662,0.21908
1663,0.22235
1664,0.22098
1665,0.21178
1666,0.17884
1667,0.21068
1668,0.21459
1669,0.21516
1670,0.22168
1671,0.21879
1672,0.21147
1673,0.21629
1674,0.21575
1675,0.2136
1676,0.21145
1677,0.21229
1678,0.20915
1679,0.21303
1680,0.20558
1681,0.19447
1682,0.20366
1683,0.20906
1684,0.19797
1685,0.21321
1686,0.21026
1687,0.20484
1688,0.21013
1689,0.20718
1690,0.20523
1691,0.19303
1692,0.20708
1693,0.21134
1694,0.20477
1695,0.20968
1696,0.20922
1697,0.18107
1698,0.20739
1699,0.20551
1700,0.19975
1701,0.20186
1702,0.20396
1703,0.2019
1704,0.19984
1705,0.19778
1706,0.1958
1707,0.19383
1708,0.19185
1709,0.18988
1710,0.1879
1711,0.18825
1712,0.1886
1713,0.18895
1714,0.1893
1715,0.18965
1716,0.18912
1717,0.18858
1718,0.18805
1719,0.18751
1720,0.18698
1721,0.1852
1722,0.18342
1723,0.18164
1724,0.17986
1725,0.17808
1726,0.17728
1727,0.17648
1728,0.17567
1729,0.17487
1730,0.17407
1731,0.17156
1732,0.16906
1733,0.16655
1734,0.16405
1735,0.16154
1736,0.16287
1737,0.1642
1738,0.16552
1739,0.16685
1740,0.16818
1741,0.16551
1742,0.16283
1743,0.16016
1744,0.15748
1745,0.15481
1746,0.15698
1747,0.15915
1748,0.16132
1749,0.16349
1750,0.16566
1751,0.16313
1752,0.1606
1753,0.15807
1754,0.15554
1755,0.15301
1756,0.1544
1757,0.1558
1758,0.15719
1759,0.15859
1760,0.15998
1761,0.15455
1762,0.14912
1763,0.1437
1764,0.13827
1765,0.13284
1766,0.13462
1767,0.13639
1768,0.13817
1769,0.13994
1770,0.14172
1771,0.13634
1772,0.13097
1773,0.12559
1774,0.12022
1775,0.11484
1776,0.11197
1777,0.1091
1778,0.10624
1779,0.10337
1780,0.1005
1781,0.0958
1782,0.09109
1783,0.08639
1784,0.08168
1785,0.07698
1786,0.07937
1787,0.08175
1788,0.08413
1789,0.08652
1790,0.0889
1791,0.08051
1792,0.07211
1793,0.06372
1794,0.05533
1795,0.04693
1796,0.04391
1797,0.04089
1798,0.03787
1799,0.03485
1800,0.03183
1801,0.02843
1802,0.02502
1803,0.02162
1804,0.01822
1805,0.01482
1806,0.01379
1807,0.01277
1808,0.01174
1809,0.01072
1810,0.00969
1811,0.00841
1812,0.00713
1813,0.00585
1814,0.00456
1815,0.00328
1816,0.00282
1817,0.00236
1818,0.00191
1819,0.00145
1820,9.88E-04
1821,0.00104
1822,0.0011
1823,0.00116
1824,0.00122
1825,0.00127
1826,0.00102
1827,7.67E-04
1828,5.13E-04
1829,2.59E-04
1830,5.20E-06
1831,5.45E-06
1832,5.69E-06
1833,5.93E-06
1834,6.18E-06
1835,6.42E-06
1836,5.15E-06
1837,3.88E-06
1838,2.61E-06
1839,1.33E-06
1840,6.27E-08
1841,1.30E-06
1842,2.54E-06
1843,3.78E-06
1844,5.03E-06
1845,6.27E-06
1846,5.61E-06
1847,4.96E-06
1848,4.31E-06
1849,3.65E-06
1850,3.00E-06
1851,2.46E-06
1852,1.91E-06
1853,1.37E-06
1854,8.27E-07
1855,2.84E-07
1856,2.46E-06
1857,4.63E-06
1858,6.80E-06
1859,8.98E-06
1860,1.12E-05
1861,1.23E-05
1862,1.35E-05
1863,1.46E-05
1864,1.58E-05
1865,1.70E-05
1866,1.36E-05
1867,1.02E-05
1868,6.79E-06
1869,3.40E-06
1870,2.67E-10
1871,3.04E-10
1872,3.40E-10
1873,3.77E-10
1874,4.14E-10
1875,4.51E-10
1876,1.55E-05
1877,3.10E-05
1878,4.65E-05
1879,6.20E-05
1880,7.75E-05
1881,7.08E-05
1882,6.41E-05
1883,5.73E-05
1884,5.06E-05
1885,4.39E-05
1886,7.98E-05
1887,1.16E-04
1888,1.52E-04
1889,1.87E-04
1890,2.23E-04
1891,2.05E-04
1892,1.86E-04
1893,1.67E-04
1894,1.48E-04
1895,1.29E-04
1896,1.04E-04
1897,7.80E-05
1898,5.23E-05
1899,2.66E-05
1900,8.62E-07
1901,8.03E-07
1902,7.44E-07
1903,6.85E-07
1904,6.26E-07
1905,5.67E-07
1906,5.06E-06
1907,9.56E-06
1908,1.41E-05
1909,1.85E-05
1910,2.30E-05
1911,2.24E-05
1912,2.18E-05
1913,2.12E-05
1914,2.06E-05
1915,1.99E-05
1916,1.06E-04
1917,1.92E-04
1918,2.78E-04
1919,3.65E-04
1920,4.51E-04
1921,5.48E-04
1922,6.45E-04
1923,7.42E-04
1924,8.39E-04
1925,9.36E-04
1926,8.59E-04
1927,7.83E-04
1928,7.06E-04
1929,6.29E-04
1930,5.52E-04
1931,0.00116
1932,0.00177
1933,0.00238
1934,0.00299
1935,0.00359
1936,0.00353
1937,0.00347
1938,0.00341
1939,0.00334
1940,0.00328
1941,0.0048
1942,0.00631
1943,0.00783
1944,0.00935
1945,0.01086
1946,0.01204
1947,0.01321
1948,0.01438
1949,0.01555
1950,0.01673
1951,0.01539
1952,0.01405
1953,0.01271
1954,0.01137
1955,0.01004
1956,0.01241
1957,0.01478
1958,0.01716
1959,0.01953
1960,0.02191
1961,0.02324
1962,0.02457
1963,0.0259
1964,0.02723
1965,0.02856
1966,0.03262
1967,0.03668
1968,0.04073
1969,0.04479
1970,0.04885
1971,0.05265
1972,0.05645
1973,0.06025
1974,0.06406
1975,0.06786
1976,0.06939
1977,0.07092
1978,0.07245
1979,0.07398
1980,0.07551
1981,0.07702
1982,0.07853
1983,0.08004
1984,0.08155
1985,0.08306
1986,0.08357
1987,0.08408
1988,0.08459
1989,0.0851
1990,0.08561
1991,0.08473
1992,0.08384
1993,0.08296
1994,0.08207
1995,0.08119
1996,0.07258
1997,0.06398
1998,0.05537
1999,0.04676
2000,0.03816
2001,0.03352
2002,0.02889
2003,0.02426
2004,0.01963
2005,0.015
2006,0.01995
2007,0.0249
2008,0.02985
2009,0.0348
2010,0.03975
2011,0.03713
2012,0.03451
2013,0.03189
2014,0.02927
2015,0.02665
2016,0.03031
2017,0.03398
2018,0.03765
2019,0.04131
2020,0.04498
2021,0.05079
2022,0.05659
2023,0.0624
2024,0.0682
2025,0.07401
2026,0.07618
2027,0.07835
2028,0.08052
2029,0.08269
2030,0.08486
2031,0.08716
2032,0.08947
2033,0.09177
2034,0.09408
2035,0.09639
2036,0.09506
2037,0.09374
2038,0.09242
2039,0.0911
2040,0.08978
2041,0.09004
2042,0.0903
2043,0.09056
2044,0.09082
2045,0.09107
2046,0.08644
2047,0.08182
2048,0.07719
2049,0.07256
2050,0.06793
2051,0.06532
2052,0.06272
2053,0.06011
2054,0.05751
2055,0.05491
2056,0.05776
2057,0.06062
2058,0.06348
2059,0.06634
2060,0.06919
2061,0.06773
2062,0.06627
2063,0.0648
2064,0.06334
2065,0.06187
2066,0.06264
2067,0.0634
2068,0.06416
2069,0.06492
2070,0.06568
2071,0.06803
2072,0.07038
2073,0.07274
2074,0.07509
2075,0.07744
2076,0.07932
2077,0.08119
2078,0.08306
2079,0.08494
2080,0.08681
2081,0.08647
2082,0.08613
2083,0.08579
2084,0.08544
2085,0.0851
2086,0.0859
2087,0.0867
2088,0.0875
2089,0.0883
2090,0.0891
2091,0.08923
2092,0.08936
2093,0.08949
2094,0.08962
2095,0.08975
2096,0.08902
2097,0.0883
2098,0.08758
2099,0.08686
2100,0.08613
2101,0.08754
2102,0.08894
2103,0.09034
2104,0.09175
2105,0.09315
2106,0.09245
2107,0.09175
2108,0.09105
2109,0.09035
2110,0.08965
2111,0.09006
2112,0.09046
2113,0.09087
2114,0.09127
2115,0.09167
2116,0.09086
2117,0.09004
2118,0.08922
2119,0.0884
2120,0.08759
2121,0.0878
2122,0.08801
2123,0.08821
2124,0.08842
2125,0.08863
2126,0.08886
2127,0.08909
2128,0.08932
2129,0.08955
2130,0.08977
2131,0.08983
2132,0.08988
2133,0.08994
2134,0.08999
2135,0.09004
2136,0.09019
2137,0.09033
2138,0.09048
2139,0.09062
2140,0.09077
2141,0.09051
2142,0.09025
2143,0.09
2144,0.08974
2145,0.08949
2146,0.08852
2147,0.08755
2148,0.08658
2149,0.08561
2150,0.08464
2151,0.08468
2152,0.08472
2153,0.08476
2154,0.0848
2155,0.08484
2156,0.08471
2157,0.08457
2158,0.08444
2159,0.0843
2160,0.08417
2161,0.0826
2162,0.08103
2163,0.07945
2164,0.07788
2165,0.07631
2166,0.07745
2167,0.07858
2168,0.07972
2169,0.08086
2170,0.082
2171,0.08169
2172,0.08138
2173,0.08107
2174,0.08076
2175,0.08045
2176,0.08072
2177,0.08099
2178,0.08126
2179,0.08154
2180,0.08181
2181,0.08036
2182,0.0789
2183,0.07745
2184,0.076
2185,0.07455
2186,0.07545
2187,0.07636
2188,0.07726
2189,0.07816
2190,0.07907
2191,0.07905
2192,0.07904
2193,0.07902
2194,0.07901
2195,0.07899
2196,0.07743
2197,0.07588
2198,0.07432
2199,0.07276
2200,0.0712
2201,0.07176
2202,0.07233
2203,0.07289
2204,0.07345
2205,0.07401
2206,0.07507
2207,0.07613
2208,0.07719
2209,0.07825
2210,0.07931
2211,0.07871
2212,0.0781
2213,0.07749
2214,0.07688
2215,0.07627
2216,0.07656
2217,0.07686
2218,0.07715
2219,0.07744
2220,0.07773
2221,0.07727
2222,0.07682
2223,0.07636
2224,0.07591
2225,0.07545
2226,0.07552
2227,0.07558
2228,0.07565
2229,0.07571
2230,0.07577
2231,0.07548
2232,0.07518
2233,0.07489
2234,0.07459
2235,0.0743
2236,0.07406
2237,0.07383
2238,0.07359
2239,0.07335
2240,0.07312
2241,0.07266
2242,0.07221
2243,0.07175
2244,0.07129
2245,0.07084
2246,0.07106
2247,0.07128
2248,0.0715
2249,0.07172
2250,0.07194
2251,0.07109
2252,0.07024
2253,0.06939
2254,0.06854
2255,0.06769
2256,0.06754
2257,0.06739
2258,0.06723
2259,0.06708
2260,0.06693
2261,0.06717
2262,0.06741
2263,0.06765
2264,0.0679
2265,0.06814
2266,0.06748
2267,0.06683
2268,0.06617
2269,0.06552
2270,0.06487
2271,0.0647
2272,0.06453
2273,0.06436
2274,0.06419
2275,0.06402
2276,0.06447
2277,0.06493
2278,0.06538
2279,0.06583
2280,0.06629
2281,0.06565
2282,0.065
2283,0.06436
2284,0.06372
2285,0.06308
2286,0.06311
2287,0.06314
2288,0.06316
2289,0.06319
2290,0.06322
2291,0.06283
2292,0.06244
2293,0.06205
2294,0.06166
2295,0.06127
2296,0.06078
2297,0.06029
2298,0.0598
2299,0.05931
2300,0.05882
2301,0.05889
2302,0.05896
2303,0.05903
2304,0.0591
2305,0.05917
2306,0.06011
2307,0.06105
2308,0.06199
2309,0.06293
2310,0.06387
2311,0.06272
2312,0.06158
2313,0.06043
2314,0.05929
2315,0.05814
2316,0.05692
2317,0.0557
2318,0.05448
2319,0.05325
2320,0.05203
2321,0.05287
2322,0.0537
2323,0.05454
2324,0.05538
2325,0.05622
2326,0.05634
2327,0.05646
2328,0.05658
2329,0.0567
2330,0.05682
2331,0.05705
2332,0.05728
2333,0.05751
2334,0.05774
2335,0.05797
2336,0.05554
2337,0.05311
2338,0.05069
2339,0.04826
2340,0.04584
2341,0.04695
2342,0.04806
2343,0.04917
2344,0.05029
2345,0.0514
2346,0.04943
2347,0.04745
2348,0.04548
2349,0.04351
2350,0.04154
2351,0.04272
2352,0.04391
2353,0.0451
2354,0.04629
2355,0.04747
2356,0.04803
2357,0.04858
2358,0.04913
2359,0.04968
2360,0.05024
2361,0.05007
2362,0.04991
2363,0.04974
2364,0.04957
2365,0.04941
2366,0.04569
2367,0.04197
2368,0.03825
2369,0.03454
2370,0.03082
2371,0.03348
2372,0.03615
2373,0.03882
2374,0.04148
2375,0.04415
2376,0.04383
2377,0.04351
2378,0.04319
2379,0.04287
2380,0.04255
2381,0.04021
2382,0.03786
2383,0.03552
2384,0.03317
2385,0.03083
2386,0.03208
2387,0.03334
2388,0.0346
2389,0.03585
2390,0.03711
2391,0.03781
2392,0.0385
2393,0.0392
2394,0.0399
2395,0.04059
2396,0.04131
2397,0.04202
2398,0.04273
2399,0.04344
2400,0.04415
2401,0.04204
2402,0.03993
2403,0.03782
2404,0.03571
2405,0.0336
2406,0.03364
2407,0.03368
2408,0.03373
2409,0.03377
2410,0.03381
2411,0.03251
2412,0.03121
2413,0.02991
2414,0.0286
2415,0.0273
2416,0.02716
2417,0.02702
2418,0.02687
2419,0.02673
2420,0.02659
2421,0.02789
2422,0.02919
2423,0.03048
2424,0.03178
2425,0.03308
2426,0.03548
2427,0.03789
2428,0.04029
2429,0.04269
2430,0.0451
2431,0.03905
2432,0.03301
2433,0.02697
2434,0.02092
2435,0.01488
2436,0.02055
2437,0.02623
2438,0.0319
2439,0.03757
2440,0.04325
2441,0.03876
2442,0.03427
2443,0.02978
2444,0.02529
2445,0.0208
2446,0.01936
2447,0.01792
2448,0.01649
2449,0.01505
2450,0.01361
2451,0.01586
2452,0.01811
2453,0.02036
2454,0.0226
2455,0.02485
2456,0.02655
2457,0.02826
2458,0.02996
2459,0.03166
2460,0.03336
2461,0.03152
2462,0.02968
2463,0.02783
2464,0.02599
2465,0.02415
2466,0.02266
2467,0.02118
2468,0.0197
2469,0.01821
2470,0.01673
2471,0.01667
2472,0.01662
2473,0.01656
2474,0.01651
2475,0.01646
2476,0.01477
2477,0.01309
2478,0.01141
2479,0.00972
2480,0.00804
2481,0.00755
2482,0.00707
2483,0.00658
2484,0.0061
2485,0.00561
2486,0.00519
2487,0.00477
2488,0.00435
2489,0.00393
2490,0.00351
2491,0.00338
2492,0.00326
2493,0.00313
2494,0.003
2495,0.00288
2496,0.00371
2497,0.00455
2498,0.00539
2499,0.00623
2500,0.00706
2501,0.00596
2502,0.00485
2503,0.00374
2504,0.00263
2505,0.00152
2506,0.00166
2507,0.0018
2508,0.00194
2509,0.00208
2510,0.00222
2511,0.00188
2512,0.00154
2513,0.0012
2514,8.58E-04
2515,5.19E-04
2516,4.89E-04
2517,4.59E-04
2518,4.30E-04
2519,4.00E-04
2520,3.71E-04
2521,3.05E-04
2522,2.39E-04
2523,1.73E-04
2524,1.07E-04
2525,4.14E-05
2526,3.32E-05
2527,2.51E-05
2528,1.69E-05
2529,8.79E-06
2530,6.36E-07
2531,5.44E-07
2532,4.52E-07
2533,3.59E-07
2534,2.67E-07
2535,1.75E-07
2536,2.15E-07
2537,2.56E-07
2538,2.96E-07
2539,3.37E-07
2540,3.77E-07
2541,3.02E-07
2542,2.26E-07
2543,1.51E-07
2544,7.55E-08
2545,5.38E-11
2546,4.31E-11
2547,3.24E-11
2548,2.17E-11
2549,1.10E-11
2550,2.82E-13
2551,2.09E-10
2552,4.18E-10
2553,6.26E-10
2554,8.35E-10
2555,1.04E-09
2556,8.41E-10
2557,6.39E-10
2558,4.36E-10
2559,2.34E-10
2560,3.10E-11
2561,2.48E-11
2562,1.86E-11
2563,1.24E-11
2564,6.22E-12
2565,1.60E-14
2566,1.28E-14
2567,9.57E-15
2568,6.38E-15
2569,3.19E-15
2570,1.53E-18
2571,1.22E-18
2572,9.15E-19
2573,6.10E-19
2574,3.05E-19
2575,1.08E-27
2576,7.64E-23
2577,1.53E-22
2578,2.29E-22
2579,3.06E-22
2580,3.82E-22
2581,3.06E-22
2582,2.29E-22
2583,1.53E-22
2584,7.64E-23
2585,1.72E-34
2586,1.10E-31
2587,2.19E-31
2588,3.29E-31
2589,4.38E-31
2590,5.48E-31
2591,4.39E-31
2592,3.30E-31
2593,2.21E-31
2594,1.11E-31
2595,2.28E-33
2596,8.98E-29
2597,1.80E-28
2598,2.69E-28
2599,3.59E-28
2600,4.49E-28
2601,3.59E-28
2602,2.69E-28
2603,1.80E-28
2604,8.98E-29
2605,5.81E-35
2606,1.65E-34
2607,2.73E-34
2608,3.80E-34
2609,4.87E-34
2610,5.94E-34
2611,4.76E-34
2612,3.57E-34
2613,2.38E-34
2614,1.19E-34
2615,1.12E-37
2616,1.13E-29
2617,2.26E-29
2618,3.39E-29
2619,4.52E-29
2620,5.65E-29
2621,1.23E-28
2622,1.89E-28
2623,2.55E-28
2624,3.21E-28
2625,3.87E-28
2626,3.09E-28
2627,2.32E-28
2628,1.55E-28
2629,7.74E-29
2630,2.80E-45
2631,7.81E-17
2632,1.56E-16
2633,2.34E-16
2634,3.12E-16
2635,3.90E-16
2636,3.36E-16
2637,2.81E-16
2638,2.27E-16
2639,1.72E-16
2640,1.18E-16
2641,9.42E-17
2642,7.09E-17
2643,4.75E-17
2644,2.42E-17
2645,9.00E-19
2646,7.48E-19
2647,5.97E-19
2648,4.46E-19
2649,2.94E-19
2650,1.43E-19
2651,1.14E-19
2652,8.58E-20
2653,5.72E-20
2654,2.86E-20
2655,1.31E-27
2656,5.32E-26
2657,1.05E-25
2658,1.57E-25
2659,2.09E-25
2660,2.61E-25
2661,2.09E-25
2662,1.56E-25
2663,1.04E-25
2664,5.21E-26
2665,1.11E-37
2666,8.90E-38
2667,6.67E-38
2668,4.45E-38
2669,2.22E-38
2670,0
2671,0
2672,0
2673,0
2674,0
2675,0
2676,0
2677,0
2678,0
2679,0
2680,0
2681,0
2682,0
2683,0
2684,0
2685,0
2686,2.05E-30
2687,4.09E-30
2688,6.14E-30
2689,8.18E-30
2690,1.02E-29
2691,8.18E-30
2692,6.14E-30
2693,4.09E-30
2694,2.05E-30
2695,7.13E-33
2696,5.70E-33
2697,4.28E-33
2698,2.85E-33
2699,1.43E-33
2700,0
2701,5.86E-43
2702,1.17E-42
2703,1.76E-42
2704,2.35E-42
2705,2.93E-42
2706,2.25E-36
2707,4.50E-36
2708,6.75E-36
2709,9.00E-36
2710,1.13E-35
2711,7.71E-27
2712,1.54E-26
2713,2.31E-26
2714,3.08E-26
2715,3.86E-26
2716,3.08E-26
2717,2.31E-26
2718,1.54E-26
2719,7.71E-27
2720,5.61E-45
2721,1.46E-22
2722,2.92E-22
2723,4.38E-22
2724,5.83E-22
2725,7.29E-22
2726,1.22E-19
2727,2.43E-19
2728,3.65E-19
2729,4.86E-19
2730,6.07E-19
2731,4.87E-19
2732,3.67E-19
2733,2.46E-19
2734,1.26E-19
2735,5.49E-21
2736,4.39E-21
2737,3.29E-21
2738,2.20E-21
2739,1.10E-21
2740,2.33E-27
2741,2.63E-24
2742,5.26E-24
2743,7.89E-24
2744,1.05E-23
2745,1.31E-23
2746,1.05E-23
2747,7.89E-24
2748,5.26E-24
2749,2.63E-24
2750,1.66E-28
2751,1.33E-28
2752,9.99E-29
2753,6.66E-29
2754,3.33E-29
2755,6.73E-44
2756,5.38E-44
2757,4.04E-44
2758,2.69E-44
2759,1.35E-44
2760,0
2761,5.36E-28
2762,1.07E-27
2763,1.61E-27
2764,2.14E-27
2765,2.68E-27
2766,1.68E-24
2767,3.35E-24
2768,5.03E-24
2769,6.70E-24
2770,8.38E-24
2771,6.70E-24
2772,5.03E-24
2773,3.35E-24
2774,1.68E-24
2775,4.00E-38
2776,9.62E-35
2777,1.92E-34
2778,2.88E-34
2779,3.85E-34
2780,4.81E-34
2781,7.77E-28
2782,1.55E-27
2783,2.33E-27
2784,3.11E-27
2785,3.89E-27
2786,2.43E-17
2787,4.87E-17
2788,7.30E-17
2789,9.74E-17
2790,1.22E-16
2791,1.70E-16
2792,2.18E-16
2793,2.66E-16
2794,3.14E-16
2795,3.62E-16
2796,3.30E-13
2797,6.60E-13
2798,9.89E-13
2799,1.32E-12
2800,1.65E-12
2801,1.33E-12
2802,1.02E-12
2803,7.00E-13
2804,3.84E-13
2805,6.75E-14
2806,8.05E-11
2807,1.61E-10
2808,2.41E-10
2809,3.22E-10
2810,4.02E-10
2811,3.79E-10
2812,3.56E-10
2813,3.33E-10
2814,3.10E-10
2815,2.87E-10
2816,2.34E-10
2817,1.80E-10
2818,1.27E-10
2819,7.38E-11
2820,2.05E-11
2821,3.52E-08
2822,7.04E-08
2823,1.06E-07
2824,1.41E-07
2825,1.76E-07
2826,9.21E-07
2827,1.67E-06
2828,2.41E-06
2829,3.16E-06
2830,3.90E-06
2831,3.12E-06
2832,2.34E-06
2833,1.56E-06
2834,7.80E-07
2835,2.13E-10
2836,3.94E-08
2837,7.86E-08
2838,1.18E-07
2839,1.57E-07
2840,1.96E-07
2841,8.27E-06
2842,1.63E-05
2843,2.44E-05
2844,3.25E-05
2845,4.06E-05
2846,3.27E-05
2847,2.48E-05
2848,1.69E-05
2849,9.04E-06
2850,1.16E-06
2851,1.02E-06
2852,8.73E-07
2853,7.32E-07
2854,5.90E-07
2855,4.49E-07
2856,5.43E-06
2857,1.04E-05
2858,1.54E-05
2859,2.04E-05
2860,2.54E-05
2861,5.38E-05
2862,8.23E-05
2863,1.11E-04
2864,1.39E-04
2865,1.68E-04
2866,1.35E-04
2867,1.03E-04
2868,7.08E-05
2869,3.86E-05
2870,6.31E-06
2871,8.34E-05
2872,1.60E-04
2873,2.38E-04
2874,3.15E-04
2875,3.92E-04
2876,3.63E-04
2877,3.34E-04
2878,3.05E-04
2879,2.76E-04
2880,2.47E-04
2881,2.88E-04
2882,3.30E-04
2883,3.71E-04
2884,4.12E-04
2885,4.53E-04
2886,4.00E-04
2887,3.46E-04
2888,2.93E-04
2889,2.40E-04
2890,1.86E-04
2891,6.82E-04
2892,0.00118
2893,0.00167
2894,0.00217
2895,0.00266
2896,0.00229
2897,0.00192
2898,0.00155
2899,0.00118
2900,8.12E-04
2901,6.71E-04
2902,5.31E-04
2903,3.91E-04
2904,2.51E-04
2905,1.11E-04
2906,6.33E-04
2907,0.00116
2908,0.00168
2909,0.0022
2910,0.00272
2911,0.00243
2912,0.00214
2913,0.00184
2914,0.00155
2915,0.00126
2916,0.00159
2917,0.00191
2918,0.00224
2919,0.00257
2920,0.00289
2921,0.00253
2922,0.00217
2923,0.00181
2924,0.00145
2925,0.00108
2926,0.00204
2927,0.003
2928,0.00396
2929,0.00493
2930,0.00589
2931,0.00601
2932,0.00613
2933,0.00625
2934,0.00637
2935,0.00649
2936,0.00552
2937,0.00455
2938,0.00357
2939,0.0026
2940,0.00163
2941,0.00159
2942,0.00156
2943,0.00152
2944,0.00148
2945,0.00145
2946,0.0022
2947,0.00296
2948,0.00372
2949,0.00447
2950,0.00523
2951,0.00465
2952,0.00407
2953,0.00349
2954,0.00291
2955,0.00234
2956,0.00279
2957,0.00324
2958,0.00369
2959,0.00414
2960,0.0046
2961,0.00517
2962,0.00573
2963,0.0063
2964,0.00687
2965,0.00744
2966,0.00602
2967,0.0046
2968,0.00319
2969,0.00177
2970,3.52E-04
2971,4.53E-04
2972,5.53E-04
2973,6.54E-04
2974,7.54E-04
2975,8.54E-04
2976,9.51E-04
2977,0.00105
2978,0.00114
2979,0.00124
2980,0.00134
2981,0.00246
2982,0.00359
2983,0.00471
2984,0.00584
2985,0.00696
2986,0.00763
2987,0.00829
2988,0.00895
2989,0.00962
2990,0.01028
2991,0.00908
2992,0.00788
2993,0.00668
2994,0.00548
2995,0.00428
2996,0.00499
2997,0.0057
2998,0.00642
2999,0.00713
3000,0.00785
