wl,alpha
250,7.60675
251,7.46295
252,7.31915
253,7.17534
254,7.03154
255,6.88774
256,6.76666
257,6.64559
258,6.52452
259,6.40345
260,6.28238
261,6.17428
262,6.06618
263,5.95809
264,5.84999
265,5.74189
266,5.63136
267,5.52082
268,5.41029
269,5.29975
270,5.18922
271,5.08707
272,4.98493
273,4.88278
274,4.78064
275,4.67849
276,4.58828
277,4.49807
278,4.40786
279,4.31765
280,4.22744
281,4.15671
282,4.08598
283,4.01524
284,3.94451
285,3.87378
286,3.77541
287,3.67704
288,3.57866
289,3.48029
290,3.38192
291,3.31525
292,3.24859
293,3.18192
294,3.11525
295,3.04859
296,3.0041
297,2.95961
298,2.91513
299,2.87064
300,2.82615
301,2.77389
302,2.72163
303,2.66937
304,2.61711
305,2.56485
306,2.51978
307,2.47471
308,2.42963
309,2.38456
310,2.33949
311,2.30323
312,2.26697
313,2.23071
314,2.19445
315,2.15819
316,2.13406
317,2.10993
318,2.0858
319,2.06167
320,2.03754
321,2.01744
322,1.99735
323,1.97725
324,1.95715
325,1.93705
326,1.91871
327,1.90037
328,1.88203
329,1.86369
330,1.84535
331,1.82798
332,1.81062
333,1.79325
334,1.77588
335,1.75852
336,1.73966
337,1.7208
338,1.70193
339,1.68307
340,1.66421
341,1.64553
342,1.62685
343,1.60816
344,1.58948
345,1.5708
346,1.55189
347,1.53298
348,1.51408
349,1.49517
350,1.47626
351,1.45974
352,1.44323
353,1.42671
354,1.41019
355,1.39368
356,1.3793
357,1.36492
358,1.35054
359,1.33616
360,1.32178
361,1.25421
362,1.13511
363,1.07917
364,1.03729
365,1.01203
366,0.98841
367,0.96753
368,0.94665
369,0.90288
370,0.87895
371,0.85729
372,0.84285
373,0.82999
374,0.81716
375,0.80498
376,0.7928
377,0.78037
378,0.76722
379,0.75407
380,0.73045
381,0.71208
382,0.70287
383,0.69367
384,0.68447
385,0.67566
386,0.66686
387,0.65837
388,0.65115
389,0.64393
390,0.63652
391,0.62647
392,0.61641
393,0.6063
394,0.59615
395,0.586
396,0.58028
397,0.57529
398,0.57029
399,0.56529
400,0.55981
401,0.55341
402,0.54701
403,0.54062
404,0.53359
405,0.52602
406,0.51844
407,0.51102
408,0.50633
409,0.50163
410,0.49694
411,0.49225
412,0.48756
413,0.48291
414,0.47827
415,0.47363
416,0.46899
417,0.46435
418,0.45966
419,0.45497
420,0.45028
421,0.44558
422,0.44089
423,0.43669
424,0.43263
425,0.42857
426,0.42451
427,0.42045
428,0.41642
429,0.41251
430,0.4086
431,0.4047
432,0.40079
433,0.39688
434,0.39297
435,0.38935
436,0.38574
437,0.38213
438,0.37852
439,0.37491
440,0.3713
441,0.36708
442,0.36262
443,0.35816
444,0.35371
445,0.34925
446,0.34479
447,0.34208
448,0.33976
449,0.33744
450,0.33512
451,0.3328
452,0.33048
453,0.32816
454,0.32544
455,0.32234
456,0.31925
457,0.31615
458,0.31306
459,0.30997
460,0.30687
461,0.30387
462,0.30117
463,0.29846
464,0.29575
465,0.29305
466,0.29034
467,0.28763
468,0.28477
469,0.2819
470,0.27904
471,0.27617
472,0.2733
473,0.27023
474,0.26481
475,0.2594
476,0.25398
477,0.24893
478,0.24487
479,0.24081
480,0.23675
481,0.23279
482,0.22974
483,0.2267
484,0.22365
485,0.22061
486,0.21756
487,0.21449
488,0.2114
489,0.2083
490,0.20521
491,0.20212
492,0.19958
493,0.1973
494,0.19502
495,0.19274
496,0.19046
497,0.18818
498,0.18602
499,0.18511
500,0.18421
501,0.18331
502,0.18241
503,0.1815
504,0.1806
505,0.18019
506,0.17987
507,0.17955
508,0.17923
509,0.17891
510,0.17859
511,0.17882
512,0.17909
513,0.17936
514,0.17964
515,0.17991
516,0.18018
517,0.18045
518,0.17893
519,0.17738
520,0.17583
521,0.17429
522,0.17274
523,0.17119
524,0.16965
525,0.16889
526,0.16849
527,0.16809
528,0.16769
529,0.16729
530,0.16689
531,0.16649
532,0.16609
533,0.16569
534,0.16541
535,0.16541
536,0.16541
537,0.16541
538,0.16541
539,0.16541
540,0.16541
541,0.16541
542,0.16541
543,0.16514
544,0.1647
545,0.16427
546,0.16384
547,0.1634
548,0.16297
549,0.16254
550,0.16211
551,0.16167
552,0.16221
553,0.16279
554,0.16337
555,0.16395
556,0.16453
557,0.16511
558,0.16569
559,0.16627
560,0.16685
561,0.16752
562,0.16849
563,0.16945
564,0.17042
565,0.17139
566,0.17235
567,0.17332
568,0.17429
569,0.17526
570,0.17622
571,0.17802
572,0.18061
573,0.1832
574,0.18579
575,0.18838
576,0.19097
577,0.19356
578,0.19615
579,0.19977
580,0.20432
581,0.20886
582,0.21341
583,0.21796
584,0.22251
585,0.22705
586,0.2316
587,0.23615
588,0.24357
589,0.25151
590,0.25945
591,0.26739
592,0.27533
593,0.2836
594,0.29206
595,0.30052
596,0.30898
597,0.31743
598,0.32601
599,0.33585
600,0.34569
601,0.35554
602,0.365
603,0.37343
604,0.38185
605,0.38947
606,0.39218
607,0.39489
608,0.39759
609,0.4003
610,0.40301
611,0.40571
612,0.40829
613,0.41032
614,0.41235
615,0.41438
616,0.41641
617,0.41844
618,0.42047
619,0.4225
620,0.42453
621,0.42664
622,0.42875
623,0.43087
624,0.43299
625,0.43511
626,0.43723
627,0.43935
628,0.44146
629,0.44353
630,0.4456
631,0.44766
632,0.44972
633,0.45178
634,0.45385
635,0.45591
636,0.45787
637,0.45977
638,0.46166
639,0.46356
640,0.46545
641,0.46735
642,0.46924
643,0.47146
644,0.47387
645,0.47627
646,0.47868
647,0.48109
648,0.48349
649,0.4868
650,0.49154
651,0.49628
652,0.50101
653,0.50575
654,0.51049
655,0.51754
656,0.52506
657,0.53258
658,0.5401
659,0.54762
660,0.55514
661,0.5595
662,0.5616
663,0.56371
664,0.56581
665,0.56792
666,0.57003
667,0.57207
668,0.57398
669,0.57589
670,0.5778
671,0.57971
672,0.58162
673,0.58367
674,0.5859
675,0.58812
676,0.59035
677,0.59258
678,0.59481
679,0.59729
680,0.6
681,0.60271
682,0.60541
683,0.60812
684,0.61083
685,0.61382
686,0.61754
687,0.62126
688,0.62498
689,0.6287
690,0.63242
691,0.64072
692,0.65077
693,0.6607
694,0.67033
695,0.67995
696,0.69011
697,0.70297
698,0.71583
699,0.72816
700,0.73966
701,0.75117
702,0.76953
703,0.79227
704,0.80873
705,0.82429
706,0.84308
707,0.87903
708,0.89605
709,0.91306
710,0.93195
711,0.9509
712,1.00619
713,1.04549
714,1.07256
715,1.10564
716,1.15763
717,1.22891
718,1.30196
719,1.42261
720,1.49218
721,1.56174
722,1.63131
723,1.70088
724,1.77045
725,1.85891
726,1.94738
727,2.03584
728,2.12431
729,2.21278
730,2.27334
731,2.3339
732,2.39446
733,2.45502
734,2.51558
735,2.57614
736,2.61434
737,2.65254
738,2.69074
739,2.72894
740,2.76714
741,2.79049
742,2.81383
743,2.83718
744,2.86053
745,2.88387
746,2.89073
747,2.89759
748,2.90445
749,2.9113
750,2.91816
751,2.92194
752,2.92571
753,2.92949
754,2.93326
755,2.93704
756,2.93302
757,2.929
758,2.92498
759,2.92095
760,2.91693
761,2.91053
762,2.90413
763,2.89772
764,2.89132
765,2.88491
766,2.87851
767,2.84798
768,2.81745
769,2.78692
770,2.76888
771,2.75084
772,2.7328
773,2.71476
774,2.69672
775,2.67868
776,2.65019
777,2.62171
778,2.59323
779,2.56474
780,2.53626
781,2.50773
782,2.4792
783,2.45068
784,2.42215
785,2.39362
786,2.37398
787,2.35434
788,2.3347
789,2.31506
790,2.29542
791,2.27578
792,2.2582
793,2.24063
794,2.22305
795,2.21818
796,2.2133
797,2.20842
798,2.20354
799,2.19867
800,2.19379
801,2.1977
802,2.20161
803,2.20552
804,2.20943
805,2.21334
806,2.23685
807,2.26036
808,2.28387
809,2.30739
810,2.33863
811,2.36986
812,2.4011
813,2.43234
814,2.46358
815,2.49482
816,2.55054
817,2.60625
818,2.66197
819,2.71768
820,2.7734
821,2.85461
822,2.93581
823,3.01702
824,3.09822
825,3.1572
826,3.21618
827,3.27516
828,3.33413
829,3.39311
830,3.45209
831,3.50472
832,3.55735
833,3.60998
834,3.66261
835,3.71524
836,3.76786
837,3.85376
838,3.93966
839,4.02556
840,4.11145
841,4.18254
842,4.25363
843,4.32471
844,4.3958
845,4.46688
846,4.56052
847,4.65415
848,4.74778
849,4.84141
850,4.89713
851,4.95285
852,5.00857
853,5.06429
854,5.12001
855,5.17573
856,5.24951
857,5.32329
858,5.39706
859,5.47084
860,5.51807
861,5.5653
862,5.61253
863,5.65976
864,5.707
865,5.75423
866,5.80187
867,5.84951
868,5.89715
869,5.94479
870,5.99243
871,6.04007
872,6.09695
873,6.15383
874,6.21072
875,6.2676
876,6.31873
877,6.36986
878,6.42099
879,6.47212
880,6.51254
881,6.55295
882,6.59337
883,6.63379
884,6.67421
885,6.71462
886,6.77357
887,6.83252
888,6.89147
889,6.95042
890,6.99962
891,7.04883
892,7.09803
893,7.14724
894,7.19644
895,7.24564
896,7.31394
897,7.38223
898,7.45052
899,7.51882
900,7.58711
901,7.65285
902,7.71858
903,7.78432
904,7.85005
905,7.91579
906,7.98152
907,8.18404
908,8.38655
909,8.58906
910,8.79157
911,9.16423
912,9.53689
913,9.90955
914,10.28221
915,10.67926
916,11.07632
917,11.47338
918,11.87043
919,12.26749
920,12.66455
921,13.34971
922,14.03488
923,14.72005
924,15.40522
925,16.09039
926,17.23531
927,18.38023
928,19.52516
929,20.67009
930,21.65435
931,22.63861
932,23.62287
933,24.60714
934,25.5914
935,26.57566
936,27.74025
937,28.90483
938,30.06942
939,31.234
940,32.39858
941,33.80321
942,35.20784
943,36.61247
944,38.01709
945,38.77091
946,39.52473
947,40.27854
948,41.03236
949,41.78617
950,42.53999
951,43.2938
952,44.19215
953,45.0905
954,45.98884
955,46.88719
956,47.44793
957,48.00866
958,48.56939
959,49.13013
960,49.30135
961,49.47257
962,49.64379
963,49.81501
964,49.98623
965,50.15745
966,50.32867
967,50.39301
968,50.45735
969,50.52169
970,50.58603
971,50.65037
972,50.51269
973,50.37502
974,50.23735
975,50.09968
976,49.87606
977,49.65244
978,49.42881
979,49.20519
980,48.98157
981,48.63306
982,48.28456
983,47.93606
984,47.58755
985,47.37293
986,47.1583
987,46.94368
988,46.72906
989,46.51443
990,46.29981
991,46.08519
992,45.6018
993,45.11842
994,44.63504
995,44.15166
996,43.74328
997,43.33491
998,42.92653
999,42.51816
1000,42.10978
1001,41.58579
1002,41.06179
1003,40.53779
1004,40.01379
1005,39.4898
1006,38.9658
1007,38.4418
1008,37.91781
1009,37.39381
1010,36.97223
1011,36.55066
1012,36.12909
1013,35.70751
1014,35.28594
1015,34.86436
1016,34.44279
1017,34.02121
1018,33.59964
1019,33.17806
1020,32.75649
1021,32.33492
1022,31.77207
1023,31.20923
1024,30.64638
1025,30.08354
1026,29.5207
1027,28.95785
1028,28.39501
1029,27.83216
1030,27.26932
1031,26.8233
1032,26.37728
1033,25.93127
1034,25.48525
1035,25.03923
1036,24.59321
1037,24.14719
1038,23.70118
1039,23.25516
1040,22.80914
1041,22.42523
1042,22.04131
1043,21.6574
1044,21.27349
1045,20.88958
1046,20.50566
1047,20.12175
1048,19.73784
1049,19.35392
1050,18.97001
1051,18.77528
1052,18.58055
1053,18.38582
1054,18.19109
1055,17.99636
1056,17.80163
1057,17.6069
1058,17.41217
1059,17.21744
1060,17.14885
1061,17.08027
1062,17.01169
1063,16.9431
1064,16.87452
1065,16.80594
1066,16.73735
1067,16.66877
1068,16.60018
1069,16.5316
1070,16.60733
1071,16.68307
1072,16.7588
1073,16.83453
1074,16.91026
1075,16.986
1076,17.06173
1077,17.13746
1078,17.21319
1079,17.28893
1080,17.49211
1081,17.69529
1082,17.89847
1083,18.10166
1084,18.30484
1085,18.50802
1086,18.7112
1087,18.91438
1088,19.11757
1089,19.32075
1090,19.57018
1091,19.8196
1092,20.06903
1093,20.31845
1094,20.56788
1095,20.81731
1096,21.06673
1097,21.31616
1098,21.56558
1099,21.81501
1100,22.213
1101,22.61098
1102,23.00897
1103,23.40696
1104,23.80495
1105,24.20293
1106,24.60092
1107,24.99891
1108,25.39689
1109,25.79488
1110,26.51188
1111,27.22889
1112,27.94589
1113,28.66289
1114,29.37989
1115,30.09689
1116,30.8139
1117,31.5309
1118,32.2479
1119,32.9649
1120,34.33719
1121,35.70947
1122,37.08176
1123,38.45405
1124,39.82633
1125,41.19862
1126,42.5709
1127,43.94319
1128,45.31547
1129,46.68776
1130,48.06004
1131,50.58145
1132,53.10285
1133,55.62425
1134,58.14566
1135,60.66706
1136,63.18847
1137,65.70987
1138,68.23127
1139,70.75268
1140,73.27408
1141,76.92982
1142,80.58556
1143,84.2413
1144,87.89703
1145,91.55277
1146,95.20851
1147,98.86425
1148,102.51999
1149,106.17572
1150,109.83146
1151,113.4872
1152,115.48523
1153,117.48327
1154,119.4813
1155,121.47933
1156,123.47737
1157,125.4754
1158,127.47344
1159,129.47147
1160,129.973
1161,130.47454
1162,130.97607
1163,131.4776
1164,131.97913
1165,132.48067
1166,132.9822
1167,133.48373
1168,133.98527
1169,134.4868
1170,134.80464
1171,135.12247
1172,135.44031
1173,135.75815
1174,136.07599
1175,136.39382
1176,136.71166
1177,137.0295
1178,137.34734
1179,137.66517
1180,137.98301
1181,138.09268
1182,138.20235
1183,138.31202
1184,138.42169
1185,138.53136
1186,138.64102
1187,138.75069
1188,138.86036
1189,138.97003
1190,139.0797
1191,139.18937
1192,139.33598
1193,139.48258
1194,139.62919
1195,139.7758
1196,139.9224
1197,140.06901
1198,140.21561
1199,140.36222
1200,140.16954
1201,139.97686
1202,139.78417
1203,139.59149
1204,139.39881
1205,139.20612
1206,139.01344
1207,138.82076
1208,138.62808
1209,138.4354
1210,138.24271
1211,138.05003
1212,137.7638
1213,137.47757
1214,137.19134
1215,136.9051
1216,136.61887
1217,136.33264
1218,136.04641
1219,135.76018
1220,135.4525
1221,135.14481
1222,134.83713
1223,134.52945
1224,134.22177
1225,133.91408
1226,133.6064
1227,133.29872
1228,132.99104
1229,132.68335
1230,132.37567
1231,132.00458
1232,131.63349
1233,131.26239
1234,130.8913
1235,130.52021
1236,130.14912
1237,129.77802
1238,129.40693
1239,129.03584
1240,128.53421
1241,128.03257
1242,127.53094
1243,127.0293
1244,126.52767
1245,126.02603
1246,125.5244
1247,125.02276
1248,124.52113
1249,124.01949
1250,123.51786
1251,123.16042
1252,122.80298
1253,122.44554
1254,122.0881
1255,121.73066
1256,121.37322
1257,121.01578
1258,120.65834
1259,120.3009
1260,120.30742
1261,120.31393
1262,120.32045
1263,120.32696
1264,120.33348
1265,120.33999
1266,120.34651
1267,120.35303
1268,120.35954
1269,120.36606
1270,120.37257
1271,120.37909
1272,120.95714
1273,121.53519
1274,122.11323
1275,122.69128
1276,123.26933
1277,123.84738
1278,124.42542
1279,125.00347
1280,125.64947
1281,126.29547
1282,126.94146
1283,127.58746
1284,128.23346
1285,128.87946
1286,129.52546
1287,130.17146
1288,130.81746
1289,131.46345
1290,132.10945
1291,132.75545
1292,134.8008
1293,136.84615
1294,138.8915
1295,140.93685
1296,142.98221
1297,145.02756
1298,147.07291
1299,149.11826
1300,151.16361
1301,153.8953
1302,156.62698
1303,159.35867
1304,162.09035
1305,164.82204
1306,167.55372
1307,170.28541
1308,173.01709
1309,175.74878
1310,178.03305
1311,180.31731
1312,182.60158
1313,184.88584
1314,187.17011
1315,189.45437
1316,191.73863
1317,194.0229
1318,196.30717
1319,198.59143
1320,200.87569
1321,203.15996
1322,206.98258
1323,210.8052
1324,214.62783
1325,218.45045
1326,222.27307
1327,226.09569
1328,229.91832
1329,233.74094
1330,237.56356
1331,243.65121
1332,249.73886
1333,255.82651
1334,261.91416
1335,268.00181
1336,274.08946
1337,280.17711
1338,286.26476
1339,292.35241
1340,298.44006
1341,312.0687
1342,325.69734
1343,339.32598
1344,352.95462
1345,366.58327
1346,380.21191
1347,393.84055
1348,407.46919
1349,421.09783
1350,424.72436
1351,428.35088
1352,431.97741
1353,435.60394
1354,439.23046
1355,442.85699
1356,446.48352
1357,450.11004
1358,453.73657
1359,457.3631
1360,460.98962
1361,464.61615
1362,477.57782
1363,490.53949
1364,503.50115
1365,516.46282
1366,529.42449
1367,542.38616
1368,555.34783
1369,568.30949
1370,581.27116
1371,594.23283
1372,616.3817
1373,638.53057
1374,660.67944
1375,682.82831
1376,704.97717
1377,727.12604
1378,749.27491
1379,771.42378
1380,793.57265
1381,821.25749
1382,848.94234
1383,876.62718
1384,904.31203
1385,931.99688
1386,959.68172
1387,987.36657
1388,1015.05141
1389,1042.73626
1390,1070.4211
1391,1116.7766
1392,1163.1321
1393,1209.4876
1394,1255.8431
1395,1302.1986
1396,1348.5541
1397,1394.9096
1398,1441.2651
1399,1487.6206
1400,1533.9761
1401,1644.68321
1402,1755.39032
1403,1866.09743
1404,1976.80454
1405,2087.51166
1406,2198.21877
1407,2308.92588
1408,2419.63299
1409,2530.3401
1410,2593.55113
1411,2656.76216
1412,2719.97319
1413,2783.18422
1414,2846.39525
1415,2909.60628
1416,2972.81731
1417,3036.02834
1418,3099.23937
1419,3162.4504
1420,3193.73757
1421,3225.02474
1422,3256.31191
1423,3287.59908
1424,3318.88625
1425,3350.17342
1426,3381.46059
1427,3412.74776
1428,3444.03493
1429,3475.3221
1430,3481.77836
1431,3488.23462
1432,3494.69088
1433,3501.14714
1434,3507.6034
1435,3514.05966
1436,3520.51592
1437,3526.97218
1438,3533.42844
1439,3539.8847
1440,3538.22037
1441,3536.55604
1442,3534.89171
1443,3533.22738
1444,3531.56305
1445,3529.89872
1446,3528.23439
1447,3526.57006
1448,3524.90573
1449,3523.2414
1450,3517.64523
1451,3512.04906
1452,3506.45289
1453,3500.85672
1454,3495.26055
1455,3489.66438
1456,3484.06821
1457,3478.47204
1458,3472.87587
1459,3467.2797
1460,3444.19131
1461,3421.10292
1462,3398.01453
1463,3374.92614
1464,3351.83775
1465,3328.74936
1466,3305.66097
1467,3282.57258
1468,3259.48419
1469,3236.3958
1470,3199.18853
1471,3161.98126
1472,3124.77399
1473,3087.56672
1474,3050.35945
1475,3013.15218
1476,2975.94491
1477,2938.73764
1478,2901.53037
1479,2864.3231
1480,2828.55676
1481,2792.79042
1482,2757.02408
1483,2721.25774
1484,2685.4914
1485,2649.72506
1486,2613.95872
1487,2578.19238
1488,2542.42604
1489,2506.6597
1490,2470.0221
1491,2433.3845
1492,2396.7469
1493,2360.1093
1494,2323.4717
1495,2286.8341
1496,2250.1965
1497,2213.5589
1498,2176.9213
1499,2140.2837
1500,2103.6461
1501,2075.29664
1502,2046.94718
1503,2018.59772
1504,1990.24826
1505,1961.8988
1506,1933.54934
1507,1905.19988
1508,1876.85042
1509,1848.50096
1510,1820.1515
1511,1800.74616
1512,1781.34083
1513,1761.93549
1514,1742.53015
1515,1723.12482
1516,1703.71948
1517,1684.31415
1518,1664.90881
1519,1645.50347
1520,1626.09814
1521,1606.6928
1522,1592.89785
1523,1579.1029
1524,1565.30795
1525,1551.513
1526,1537.71805
1527,1523.9231
1528,1510.12815
1529,1496.3332
1530,1482.53825
1531,1468.7433
1532,1454.46601
1533,1440.18872
1534,1425.91143
1535,1411.63414
1536,1397.35685
1537,1383.07955
1538,1368.80226
1539,1354.52497
1540,1340.24768
1541,1325.97039
1542,1311.6931
1543,1298.81569
1544,1285.93827
1545,1273.06086
1546,1260.18344
1547,1247.30603
1548,1234.42861
1549,1221.5512
1550,1211.93078
1551,1202.31037
1552,1192.68995
1553,1183.06953
1554,1173.44912
1555,1163.8287
1556,1154.20829
1557,1144.58787
1558,1134.96745
1559,1125.34704
1560,1115.72662
1561,1106.07574
1562,1096.42486
1563,1086.77398
1564,1077.1231
1565,1067.47222
1566,1057.82134
1567,1048.17046
1568,1038.51958
1569,1028.8687
1570,1019.21782
1571,1013.00425
1572,1006.79069
1573,1000.57712
1574,994.36355
1575,988.14999
1576,981.93642
1577,975.72286
1578,969.50929
1579,963.29572
1580,957.08216
1581,950.86859
1582,941.76783
1583,932.66708
1584,923.56632
1585,914.46556
1586,905.3648
1587,896.26405
1588,887.16329
1589,878.06253
1590,872.7842
1591,867.50586
1592,862.22753
1593,856.9492
1594,851.67087
1595,846.39253
1596,841.1142
1597,835.83587
1598,830.55754
1599,825.2792
1600,820.00087
1601,815.19066
1602,810.38045
1603,805.57025
1604,800.76004
1605,795.94983
1606,791.13962
1607,786.32941
1608,781.5192
1609,776.709
1610,771.89879
1611,767.08858
1612,762.72923
1613,758.36989
1614,754.01054
1615,749.65119
1616,745.29185
1617,740.9325
1618,736.57316
1619,732.21381
1620,727.85446
1621,723.49512
1622,719.13577
1623,716.06083
1624,712.98589
1625,709.91095
1626,706.836
1627,703.76106
1628,700.68612
1629,697.61118
1630,695.81002
1631,694.00886
1632,692.20769
1633,690.40653
1634,688.60537
1635,686.8042
1636,685.00304
1637,683.20188
1638,681.40072
1639,679.59956
1640,677.79839
1641,675.99723
1642,671.79093
1643,667.58462
1644,663.37832
1645,659.17202
1646,654.96572
1647,650.75941
1648,646.55311
1649,644.80407
1650,643.05504
1651,641.306
1652,639.55697
1653,637.80793
1654,636.05889
1655,634.30986
1656,632.56082
1657,630.81179
1658,629.06275
1659,627.31372
1660,625.56468
1661,625.23567
1662,624.90667
1663,624.57766
1664,624.24865
1665,623.91964
1666,623.59064
1667,623.26163
1668,622.93262
1669,622.60361
1670,622.27461
1671,621.9456
1672,622.52644
1673,623.10728
1674,623.68812
1675,624.26896
1676,624.8498
1677,625.43064
1678,626.01148
1679,626.59232
1680,627.02186
1681,627.45139
1682,627.88093
1683,628.31047
1684,628.74001
1685,629.16954
1686,629.59908
1687,630.02862
1688,630.45816
1689,630.88769
1690,631.31723
1691,632.41189
1692,633.50655
1693,634.60121
1694,635.69587
1695,636.79053
1696,637.88519
1697,638.97985
1698,640.07451
1699,641.80027
1700,643.52604
1701,645.2518
1702,646.97757
1703,648.70334
1704,650.4291
1705,652.15486
1706,653.88063
1707,655.6064
1708,657.33216
1709,659.05793
1710,660.78369
1711,662.84549
1712,664.90728
1713,666.96908
1714,669.03087
1715,671.09267
1716,673.15447
1717,675.21626
1718,677.27806
1719,679.33985
1720,681.40165
1721,683.46344
1722,685.52524
1723,690.09936
1724,694.67347
1725,699.24759
1726,703.8217
1727,708.39581
1728,712.96993
1729,717.54404
1730,722.11816
1731,725.79961
1732,729.48105
1733,733.1625
1734,736.84394
1735,740.52539
1736,744.20683
1737,747.88828
1738,751.56973
1739,755.25117
1740,758.93262
1741,762.61406
1742,766.29551
1743,770.77049
1744,775.24547
1745,779.72045
1746,784.19543
1747,788.67042
1748,793.1454
1749,797.62038
1750,802.09536
1751,805.02562
1752,807.95589
1753,810.88615
1754,813.81641
1755,816.74668
1756,819.67694
1757,822.6072
1758,825.53747
1759,828.46773
1760,831.39799
1761,834.32826
1762,837.25852
1763,843.62542
1764,849.99232
1765,856.35922
1766,862.72612
1767,869.09302
1768,875.45992
1769,881.82682
1770,888.19372
1771,897.46342
1772,906.73313
1773,916.00283
1774,925.27254
1775,934.54224
1776,943.81194
1777,953.08165
1778,962.35135
1779,968.50602
1780,974.66069
1781,980.81536
1782,986.97003
1783,993.1247
1784,999.27937
1785,1005.43404
1786,1011.58871
1787,1017.74338
1788,1023.89805
1789,1030.05272
1790,1036.20739
1791,1042.36206
1792,1044.61142
1793,1046.86078
1794,1049.11014
1795,1051.3595
1796,1053.60885
1797,1055.85821
1798,1058.10757
1799,1060.35693
1800,1060.54589
1801,1060.73485
1802,1060.92381
1803,1061.11277
1804,1061.30173
1805,1061.49069
1806,1061.67964
1807,1061.8686
1808,1062.05756
1809,1062.24652
1810,1062.43548
1811,1062.62444
1812,1062.81185
1813,1062.99926
1814,1063.18666
1815,1063.37407
1816,1063.56148
1817,1063.74889
1818,1063.93629
1819,1064.1237
1820,1064.31111
1821,1067.37727
1822,1070.44344
1823,1073.50961
1824,1076.57577
1825,1079.64193
1826,1082.7081
1827,1085.77427
1828,1088.84043
1829,1096.11038
1830,1103.38033
1831,1110.65028
1832,1117.92024
1833,1125.19019
1834,1132.46014
1835,1139.73009
1836,1147.00004
1837,1154.26999
1838,1161.53995
1839,1168.8099
1840,1176.07985
1841,1183.3498
1842,1212.02877
1843,1240.70775
1844,1269.38672
1845,1298.0657
1846,1326.74467
1847,1355.42365
1848,1384.10263
1849,1412.7816
1850,1489.95771
1851,1567.13382
1852,1644.30992
1853,1721.48603
1854,1798.66214
1855,1875.83825
1856,1953.01435
1857,2030.19046
1858,2107.36657
1859,2184.54268
1860,2261.71878
1861,2338.89489
1862,2416.071
1863,2581.8338
1864,2747.5966
1865,2913.3594
1866,3079.1222
1867,3244.885
1868,3410.6478
1869,3576.4106
1870,3742.1734
1871,3907.9362
1872,4094.01444
1873,4280.09267
1874,4466.17091
1875,4652.24915
1876,4838.32739
1877,5024.40563
1878,5210.48386
1879,5396.5621
1880,5558.66362
1881,5720.76514
1882,5882.86667
1883,6044.96819
1884,6207.06971
1885,6369.17123
1886,6531.27276
1887,6693.37428
1888,6855.4758
1889,6987.56535
1890,7119.65489
1891,7251.74444
1892,7383.83398
1893,7515.92353
1894,7648.01308
1895,7780.10262
1896,7912.19217
1897,8044.28172
1898,8176.37126
1899,8308.46081
1900,8440.55035
1901,8572.6399
1902,8990.31102
1903,9407.98214
1904,9825.65327
1905,10243.32439
1906,10660.99551
1907,11078.66663
1908,11496.33776
1909,11914.00888
1910,12331.68
1911,12446.35867
1912,12561.03733
1913,12675.716
1914,12790.39467
1915,12905.07333
1916,13019.752
1917,13134.43067
1918,13249.10933
1919,13363.788
1920,13409.92869
1921,13456.06938
1922,13502.21008
1923,13548.35077
1924,13594.49146
1925,13640.63215
1926,13686.77285
1927,13732.91354
1928,13779.05423
1929,13825.19492
1930,13871.33562
1931,13917.47631
1932,13963.617
1933,13945.99322
1934,13928.36944
1935,13910.74567
1936,13893.12189
1937,13875.49811
1938,13857.87433
1939,13840.25056
1940,13822.62678
1941,13805.003
1942,13749.153
1943,13693.303
1944,13637.453
1945,13581.603
1946,13525.753
1947,13469.903
1948,13414.053
1949,13358.203
1950,13302.353
1951,13191.27356
1952,13080.19411
1953,12969.11467
1954,12858.03522
1955,12746.95578
1956,12635.87633
1957,12524.79689
1958,12413.71744
1959,12302.638
1960,12162.4545
1961,12022.271
1962,11882.0875
1963,11741.904
1964,11601.7205
1965,11461.537
1966,11321.3535
1967,11181.17
1968,11040.9865
1969,10961.55982
1970,10882.13314
1971,10802.70646
1972,10723.27979
1973,10643.85311
1974,10564.42643
1975,10484.99975
1976,10405.57307
1977,10326.14639
1978,10246.71971
1979,10167.29304
1980,10087.86636
1981,10008.43968
1982,9929.013
1983,9804.96394
1984,9680.91489
1985,9556.86583
1986,9432.81678
1987,9308.76772
1988,9184.71867
1989,9060.66961
1990,8936.62056
1991,8812.5715
1992,8691.97273
1993,8571.37397
1994,8450.7752
1995,8330.17643
1996,8209.57767
1997,8088.9789
1998,7968.38013
1999,7847.78137
2000,7727.1826
2001,7637.47509
2002,7547.76758
2003,7458.06007
2004,7368.35256
2005,7278.64504
2006,7188.93753
2007,7099.23002
2008,7009.52251
2009,6919.815
2010,6837.86443
2011,6755.91387
2012,6673.9633
2013,6592.01273
2014,6510.06217
2015,6428.1116
2016,6346.16103
2017,6264.21047
2018,6182.2599
2019,6121.20468
2020,6060.14946
2021,5999.09424
2022,5938.03902
2023,5876.9838
2024,5815.92858
2025,5754.87336
2026,5693.81814
2027,5632.76292
2028,5571.7077
2029,5536.67379
2030,5501.63989
2031,5466.60598
2032,5431.57207
2033,5396.53816
2034,5361.50426
2035,5326.47035
2036,5291.43644
2037,5256.40254
2038,5221.36863
2039,5186.33472
2040,5151.30081
2041,5116.26691
2042,5081.233
2043,5029.32973
2044,4977.42647
2045,4925.5232
2046,4873.61993
2047,4821.71667
2048,4769.8134
2049,4717.91013
2050,4666.00687
2051,4614.1036
2052,4575.35487
2053,4536.60614
2054,4497.85741
2055,4459.10868
2056,4420.35995
2057,4381.61122
2058,4342.86249
2059,4304.11376
2060,4265.36503
2061,4226.6163
2062,4188.34043
2063,4150.06457
2064,4111.7887
2065,4073.51283
2066,4035.23697
2067,3996.9611
2068,3958.68523
2069,3920.40937
2070,3882.1335
2071,3851.18143
2072,3820.22936
2073,3789.27729
2074,3758.32522
2075,3727.37315
2076,3696.42108
2077,3665.46901
2078,3634.51694
2079,3603.56487
2080,3572.6128
2081,3540.29427
2082,3507.97573
2083,3475.6572
2084,3443.33867
2085,3411.02013
2086,3378.7016
2087,3346.38307
2088,3314.06453
2089,3281.746
2090,3264.06389
2091,3246.38178
2092,3228.69967
2093,3211.01756
2094,3193.33545
2095,3175.65334
2096,3157.97123
2097,3140.28912
2098,3122.60701
2099,3104.9249
2100,3087.47736
2101,3070.02982
2102,3052.58228
2103,3035.13474
2104,3017.6872
2105,3000.23966
2106,2982.79212
2107,2965.34458
2108,2947.89704
2109,2930.4495
2110,2912.3541
2111,2894.2587
2112,2876.1633
2113,2858.0679
2114,2839.9725
2115,2821.8771
2116,2803.7817
2117,2785.6863
2118,2767.5909
2119,2752.70129
2120,2737.81168
2121,2722.92207
2122,2708.03246
2123,2693.14285
2124,2678.25324
2125,2663.36363
2126,2648.47402
2127,2633.58441
2128,2618.6948
2129,2608.01628
2130,2597.33776
2131,2586.65924
2132,2575.98072
2133,2565.3022
2134,2554.62368
2135,2543.94516
2136,2533.26664
2137,2522.58812
2138,2511.9096
2139,2502.82839
2140,2493.74718
2141,2484.66597
2142,2475.58476
2143,2466.50355
2144,2457.42234
2145,2448.34113
2146,2439.25992
2147,2430.17871
2148,2421.0975
2149,2412.30671
2150,2403.51592
2151,2394.72513
2152,2385.93434
2153,2377.14355
2154,2368.35276
2155,2359.56197
2156,2350.77118
2157,2341.98039
2158,2333.1896
2159,2326.86738
2160,2320.54516
2161,2314.22294
2162,2307.90072
2163,2301.5785
2164,2295.25628
2165,2288.93406
2166,2282.61184
2167,2276.28962
2168,2269.9674
2169,2264.28187
2170,2258.59634
2171,2252.91081
2172,2247.22528
2173,2241.53975
2174,2235.85422
2175,2230.16869
2176,2224.48316
2177,2218.79763
2178,2213.1121
2179,2209.60472
2180,2206.09734
2181,2202.58996
2182,2199.08258
2183,2195.5752
2184,2192.06782
2185,2188.56044
2186,2185.05306
2187,2181.54568
2188,2178.0383
2189,2176.01653
2190,2173.99476
2191,2171.97299
2192,2169.95122
2193,2167.92945
2194,2165.90768
2195,2163.88591
2196,2161.86414
2197,2159.84237
2198,2157.8206
2199,2157.35146
2200,2156.88232
2201,2156.41318
2202,2155.94404
2203,2155.4749
2204,2155.00576
2205,2154.53662
2206,2154.06748
2207,2153.59834
2208,2153.1292
2209,2153.62068
2210,2154.11216
2211,2154.60364
2212,2155.09512
2213,2155.5866
2214,2156.07808
2215,2156.56956
2216,2157.06104
2217,2157.55252
2218,2158.044
2219,2160.09928
2220,2162.15456
2221,2164.20984
2222,2166.26512
2223,2168.3204
2224,2170.37568
2225,2172.43096
2226,2174.48624
2227,2176.54152
2228,2178.5968
2229,2184.05995
2230,2189.52309
2231,2194.98624
2232,2200.44938
2233,2205.91253
2234,2211.37567
2235,2216.83882
2236,2222.30196
2237,2227.76511
2238,2233.22825
2239,2238.6914
2240,2248.1859
2241,2257.6804
2242,2267.1749
2243,2276.6694
2244,2286.1639
2245,2295.6584
2246,2305.1529
2247,2314.6474
2248,2324.1419
2249,2333.6364
2250,2342.48304
2251,2351.32968
2252,2360.17632
2253,2369.02296
2254,2377.8696
2255,2386.71624
2256,2395.56288
2257,2404.40952
2258,2413.25616
2259,2422.1028
2260,2431.32313
2261,2440.54345
2262,2449.76378
2263,2458.98411
2264,2468.20444
2265,2477.42476
2266,2486.64509
2267,2495.86542
2268,2505.08575
2269,2514.30607
2270,2523.5264
2271,2535.46713
2272,2547.40786
2273,2559.34859
2274,2571.28932
2275,2583.23005
2276,2595.17078
2277,2607.11151
2278,2619.05224
2279,2630.99297
2280,2642.9337
2281,2653.64675
2282,2664.35979
2283,2675.07284
2284,2685.78588
2285,2696.49893
2286,2707.21197
2287,2717.92502
2288,2728.63806
2289,2739.35111
2290,2750.06415
2291,2760.7772
2292,2770.55095
2293,2780.3247
2294,2790.09845
2295,2799.8722
2296,2809.64595
2297,2819.4197
2298,2829.19345
2299,2838.9672
2300,2848.74095
2301,2858.5147
2302,2870.09088
2303,2881.66706
2304,2893.24325
2305,2904.81943
2306,2916.39561
2307,2927.97179
2308,2939.54797
2309,2951.12415
2310,2962.70034
2311,2974.27652
2312,2985.8527
2313,3008.3044
2314,3030.7561
2315,3053.2078
2316,3075.6595
2317,3098.1112
2318,3114.10461
2319,3130.09802
2320,3146.09143
2321,3162.08484
2322,3178.07825
2323,3194.07165
2324,3210.06506
2325,3226.05847
2326,3242.05188
2327,3258.04529
2328,3274.0387
2329,3303.45642
2330,3332.87414
2331,3362.29185
2332,3391.70957
2333,3421.12729
2334,3450.54501
2335,3479.96273
2336,3509.38045
2337,3538.79816
2338,3568.21588
2339,3597.6336
2340,3616.19611
2341,3634.75862
2342,3653.32113
2343,3671.88364
2344,3690.44615
2345,3709.00865
2346,3727.57116
2347,3746.13367
2348,3764.69618
2349,3783.25869
2350,3801.8212
2351,3829.17653
2352,3856.53186
2353,3883.88719
2354,3911.24252
2355,3938.59785
2356,3965.95318
2357,3993.30851
2358,4020.66384
2359,4048.01917
2360,4075.3745
2361,4104.59928
2362,4133.82406
2363,4163.04885
2364,4192.27363
2365,4221.49841
2366,4250.72319
2367,4279.94797
2368,4309.17275
2369,4338.39754
2370,4367.62232
2371,4396.8471
2372,4421.47187
2373,4446.09665
2374,4470.72142
2375,4495.34619
2376,4519.97096
2377,4544.59574
2378,4569.22051
2379,4593.84528
2380,4618.47005
2381,4643.09483
2382,4667.7196
2383,4721.29837
2384,4774.87713
2385,4828.4559
2386,4882.03467
2387,4935.61343
2388,4989.1922
2389,5019.40197
2390,5049.61175
2391,5079.82152
2392,5110.03129
2393,5140.24106
2394,5170.45084
2395,5200.66061
2396,5230.87038
2397,5261.08015
2398,5291.28993
2399,5321.4997
2400,5362.12804
2401,5402.75637
2402,5443.38471
2403,5484.01305
2404,5524.64138
2405,5565.26972
2406,5605.89805
2407,5646.52639
2408,5687.15473
2409,5727.78306
2410,5768.4114
2411,5808.5117
2412,5848.612
2413,5888.7123
2414,5928.8126
2415,5968.9129
2416,6009.0132
2417,6049.1135
2418,6089.2138
2419,6129.3141
2420,6169.4144
2421,6209.5147
2422,6248.41676
2423,6287.31883
2424,6326.22089
2425,6365.12295
2426,6404.02502
2427,6442.92708
2428,6481.82915
2429,6520.73121
2430,6559.63327
2431,6598.53534
2432,6637.4374
2433,6730.66967
2434,6823.90193
2435,6917.1342
2436,7010.36647
2437,7103.59873
2438,7196.831
2439,7244.95339
2440,7293.07578
2441,7341.19817
2442,7389.32056
2443,7437.44295
2444,7485.56535
2445,7533.68774
2446,7581.81013
2447,7629.93252
2448,7678.05491
2449,7726.1773
2450,7787.35844
2451,7848.53957
2452,7909.72071
2453,7970.90185
2454,8032.08298
2455,8093.26412
2456,8154.44525
2457,8215.62639
2458,8276.80753
2459,8337.98866
2460,8399.1698
2461,8446.87501
2462,8494.58022
2463,8542.28543
2464,8589.99063
2465,8637.69584
2466,8685.40105
2467,8733.10626
2468,8780.81147
2469,8828.51668
2470,8876.22188
2471,8923.92709
2472,8971.6323
2473,9114.20618
2474,9256.78006
2475,9399.35394
2476,9541.92782
2477,9684.5017
2478,9728.08332
2479,9771.66493
2480,9815.24655
2481,9858.82817
2482,9902.40978
2483,9945.9914
2484,9989.57302
2485,10033.15463
2486,10076.73625
2487,10120.31787
2488,10163.89948
2489,10207.4811
2490,10249.32798
2491,10291.17486
2492,10333.02175
2493,10374.86863
2494,10416.71551
2495,10458.56239
2496,10500.40927
2497,10542.25615
2498,10584.10304
2499,10625.94992
2500,10667.7968
2501,10688.22859
2502,10708.66038
2503,10729.09218
2504,10749.52397
2505,10769.95576
2506,10790.38755
2507,10810.81934
2508,10831.25113
2509,10851.68292
2510,10872.11472
2511,10892.54651
2512,10912.9783
2513,10943.0256
2514,10973.0729
2515,11003.1202
2516,11033.1675
2517,11063.2148
2518,11093.2621
2519,11102.47227
2520,11111.68245
2521,11120.89262
2522,11130.10279
2523,11139.31296
2524,11148.52314
2525,11157.73331
2526,11166.94348
2527,11176.15365
2528,11185.36383
2529,11194.574
2530,11214.1215
2531,11233.669
2532,11253.2165
2533,11272.764
2534,11292.3115
2535,11311.859
2536,11331.4065
2537,11350.954
2538,11370.5015
2539,11390.049
2540,11409.5965
2541,11429.144
2542,11458.09292
2543,11487.04183
2544,11515.99075
2545,11544.93967
2546,11573.88858
2547,11602.8375
2548,11631.78642
2549,11660.73533
2550,11689.68425
2551,11718.63317
2552,11747.58208
2553,11776.531
2554,11835.22427
2555,11893.91755
2556,11952.61082
2557,12011.30409
2558,12069.99736
2559,12128.69064
2560,12187.38391
2561,12246.07718
2562,12304.77045
2563,12363.46373
2564,12422.157
2565,12455.48083
2566,12488.80467
2567,12522.1285
2568,12555.45233
2569,12588.77617
2570,12622.1
2571,12641.6475
2572,12661.195
2573,12680.7425
2574,12700.29
2575,12719.8375
2576,12739.385
2577,12778.85233
2578,12818.31967
2579,12857.787
2580,12897.25433
2581,12936.72167
2582,12976.189
2583,13005.60333
2584,13035.01767
2585,13064.432
2586,13093.84633
2587,13123.26067
2588,13152.675
2589,13193.63167
2590,13234.58833
2591,13275.545
2592,13316.50167
2593,13357.45833
2594,13398.415
2595,13437.69617
2596,13476.97733
2597,13516.2585
2598,13555.53967
2599,13594.82083
2600,13634.102
2601,13673.38317
2602,13712.66433
2603,13751.9455
2604,13791.22667
2605,13830.50783
2606,13869.789
2607,13979.06883
2608,14088.34867
2609,14197.6285
2610,14306.90833
2611,14416.18817
2612,14525.468
2613,14764.87833
2614,15004.28867
2615,15243.699
2616,15483.10933
2617,15722.51967
2618,15961.93
2619,16245.46183
2620,16528.99367
2621,16812.5255
2622,17096.05733
2623,17379.58917
2624,17663.121
2625,18291.61967
2626,18920.11833
2627,19548.617
2628,20177.11567
2629,20805.61433
2630,21434.113
2631,21733.84133
2632,22033.56967
2633,22333.298
2634,22633.02633
2635,22932.75467
2636,23232.483
2637,23413.26515
2638,23594.04731
2639,23774.82946
2640,23955.61162
2641,24136.39377
2642,24317.17592
2643,24497.95808
2644,24678.74023
2645,24859.52238
2646,25040.30454
2647,25221.08669
2648,25401.86885
2649,25582.651
2650,26048.81233
2651,26514.97367
2652,26981.135
2653,27447.29633
2654,27913.45767
2655,28379.619
2656,29168.96567
2657,29958.31233
2658,30747.659
2659,31537.00567
2660,32326.35233
2661,33115.699
2662,34021.77217
2663,34927.84533
2664,35833.9185
2665,36739.99167
2666,37646.06483
2667,38552.138
2668,39607.1445
2669,40662.151
2670,41717.1575
2671,42772.164
2672,43827.1705
2673,44882.177
2674,46562.145
2675,48242.113
2676,49922.081
2677,51602.049
2678,53282.017
2679,54961.985
2680,56867.21467
2681,58772.44433
2682,60677.674
2683,62582.90367
2684,64488.13333
2685,66393.363
2686,67093.12054
2687,67792.87808
2688,68492.63562
2689,69192.39315
2690,69892.15069
2691,70591.90823
2692,71291.66577
2693,71991.42331
2694,72691.18085
2695,73390.93838
2696,74090.69592
2697,74790.45346
2698,75490.211
2699,77097.38783
2700,78704.56467
2701,80311.7415
2702,81918.91833
2703,83526.09517
2704,85133.272
2705,87009.64583
2706,88886.01967
2707,90762.3935
2708,92638.76733
2709,94515.14117
2710,96391.515
2711,97983.98467
2712,99576.45433
2713,101168.924
2714,102761.3937
2715,104353.8633
2716,105946.333
2717,111555.4283
2718,117164.5236
2719,122773.6189
2720,128382.7141
2721,133991.8094
2722,139600.9047
2723,145210
2724,153583.7767
2725,161957.5533
2726,170331.33
2727,178705.1067
2728,187078.8833
2729,195452.66
2730,198618.0662
2731,201783.4723
2732,204948.8785
2733,208114.2846
2734,211279.6908
2735,214445.0969
2736,217610.5031
2737,220775.9092
2738,223941.3154
2739,227106.7215
2740,230272.1277
2741,233437.5339
2742,236602.94
2743,243822.4833
2744,251042.0267
2745,258261.57
2746,265481.1133
2747,272700.6567
2748,279920.2
2749,288338.6567
2750,296757.1133
2751,305175.57
2752,313594.0267
2753,322012.4833
2754,330430.94
2755,337289.32
2756,344147.7
2757,351006.08
2758,357864.46
2759,364722.84
2760,371581.22
2761,378439.6
2762,385981.2117
2763,393522.8233
2764,401064.435
2765,408606.0467
2766,416147.6583
2767,423689.27
2768,427160.5623
2769,430631.8546
2770,434103.1469
2771,437574.4392
2772,441045.7315
2773,444517.0239
2774,447988.3162
2775,451459.6085
2776,454930.9008
2777,458402.1931
2778,461873.4854
2779,465344.7777
2780,468816.07
2781,476329.7567
2782,483843.4433
2783,491357.13
2784,498870.8167
2785,506384.5033
2786,513898.19
2787,520821.9943
2788,527745.7986
2789,534669.6029
2790,541593.4071
2791,548517.2114
2792,555441.0157
2793,562364.82
2794,569770.53
2795,577176.24
2796,584581.95
2797,591987.66
2798,599393.37
2799,606799.08
2800,610499.7869
2801,614200.4939
2802,617901.2008
2803,621601.9077
2804,625302.6146
2805,629003.3215
2806,632704.0285
2807,636404.7354
2808,640105.4423
2809,643806.1492
2810,647506.8562
2811,651207.5631
2812,654908.27
2813,663808.8983
2814,672709.5267
2815,681610.155
2816,690510.7833
2817,699411.4117
2818,708312.04
2819,716507.6286
2820,724703.2171
2821,732898.8057
2822,741094.3943
2823,749289.9829
2824,757485.5714
2825,765681.16
2826,776071.1217
2827,786461.0833
2828,796851.045
2829,807241.0067
2830,817630.9683
2831,828020.93
2832,836773.4229
2833,845525.9157
2834,854278.4086
2835,863030.9014
2836,871783.3943
2837,880535.8871
2838,889288.38
2839,894353.5454
2840,899418.7108
2841,904483.8762
2842,909549.0415
2843,914614.2069
2844,919679.3723
2845,924744.5377
2846,929809.7031
2847,934874.8685
2848,939940.0339
2849,945005.1992
2850,950070.3646
2851,955135.53
2852,963221.0143
2853,971306.4986
2854,979391.9829
2855,987477.4671
2856,995562.9514
2857,1003648.436
2858,1011733.92
2859,1021347.567
2860,1030961.213
2861,1040574.86
2862,1050188.507
2863,1059802.153
2864,1069415.8
2865,1076580.557
2866,1083745.314
2867,1090910.071
2868,1098074.829
2869,1105239.586
2870,1112404.343
2871,1119569.1
2872,1123006.023
2873,1126442.946
2874,1129879.869
2875,1133316.792
2876,1136753.715
2877,1140190.638
2878,1143627.562
2879,1147064.485
2880,1150501.408
2881,1153938.331
2882,1157375.254
2883,1160812.177
2884,1164249.1
2885,1170839.4
2886,1177429.7
2887,1184020
2888,1190610.3
2889,1197200.6
2890,1203790.9
2891,1210381.2
2892,1217083.2
2893,1223785.2
2894,1230487.2
2895,1237189.2
2896,1243891.2
2897,1250593.2
2898,1254710.143
2899,1258827.086
2900,1262944.029
2901,1267060.971
2902,1271177.914
2903,1275294.857
2904,1279411.8
2905,1281491.138
2906,1283570.477
2907,1285649.815
2908,1287729.154
2909,1289808.492
2910,1291887.831
2911,1293967.169
2912,1296046.508
2913,1298125.846
2914,1300205.185
2915,1302284.523
2916,1304363.862
2917,1306443.2
2918,1309012.3
2919,1311581.4
2920,1314150.5
2921,1316719.6
2922,1319288.7
2923,1321857.8
2924,1324426.9
2925,1326644.943
2926,1328862.986
2927,1331081.029
2928,1333299.071
2929,1335517.114
2930,1337735.157
2931,1339953.2
2932,1339905.329
2933,1339857.457
2934,1339809.586
2935,1339761.714
2936,1339713.843
2937,1339665.971
2938,1339618.1
2939,1339901.646
2940,1340185.192
2941,1340468.738
2942,1340752.285
2943,1341035.831
2944,1341319.377
2945,1341602.923
2946,1341886.469
2947,1342170.015
2948,1342453.562
2949,1342737.108
2950,1343020.654
2951,1343304.2
2952,1342362.729
2953,1341421.257
2954,1340479.786
2955,1339538.314
2956,1338596.843
2957,1337655.371
2958,1336713.9
2959,1334096.929
2960,1331479.957
2961,1328862.986
2962,1326246.014
2963,1323629.043
2964,1321012.071
2965,1318395.1
2966,1317078.636
2967,1315762.171
2968,1314445.707
2969,1313129.243
2970,1311812.779
2971,1310496.314
2972,1309179.85
2973,1307863.386
2974,1306546.921
2975,1305230.457
2976,1303913.993
2977,1302597.529
2978,1301281.064
2979,1299964.6
2980,1296557.75
2981,1293150.9
2982,1289744.05
2983,1286337.2
2984,1282930.35
2985,1279523.5
2986,1279092.657
2987,1278661.814
2988,1278230.971
2989,1277800.129
2990,1277369.286
2991,1276938.443
2992,1276507.6
2993,1276076.757
2994,1275645.914
2995,1275215.071
2996,1274784.229
2997,1274353.386
2998,1273922.543
2999,1273491.7
3000,1270039.258
