360	3.14E-5	1.7E-5	3.89E-5	3.03E-5	1.6E-5	2.28E-5	1.99E-5	1.99E-5	3.4E-5	2.02E-5	1E-5	5.31E-5	1.45E-5	3.98E-5	6.78E-6	1.33E-5	2.72E-5	1.24E-5	6.96E-6	0	0	0	0	0
365	3.19E-5	1.46E-5	4.83E-5	3.02E-5	2.5E-5	1.6E-5	2.3E-5	2.3E-5	3.07E-5	3.64E-5	1.49E-5	4.43E-5	2.6E-5	4.02E-5	1.99E-5	8.94E-6	1.65E-5	1.19E-5	5.46E-6	0	0	0	0	0
370	2.24E-5	1.9E-5	2.37E-5	2.42E-5	1.93E-5	1.56E-5	2.01E-5	2.01E-5	3E-5	1.62E-5	1.08E-5	3.38E-5	1.3E-5	5.12E-5	1.24E-5	3.94E-6	1.4E-5	1.13E-5	5.98E-6	0	0	0	0	0
375	3.86E-5	2.09E-5	3.54E-5	1.77E-5	2.49E-5	1.94E-5	1.93E-5	1.93E-5	3.15E-5	4E-5	1.25E-5	4.28E-5	9.35E-6	4.5E-5	3.6E-6	1.24E-5	2.44E-5	1.72E-5	8.74E-6	0	0	0	0	0
380	3.15E-5	1.88E-5	3.87E-5	2.56E-5	2.34E-5	1.21E-5	1.51E-5	1.51E-5	2.83E-5	2.09E-5	8.53E-6	3.33E-5	1.86E-5	8.5E-5	7.07E-6	1.4E-5	9.32E-6	6.44E-6	6.18E-6	0	0	0	0	0
385	2.8E-5	2.07E-5	2.55E-5	2.37E-5	2.29E-5	1.63E-5	1.46E-5	1.46E-5	2.57E-5	1.72E-5	1.09E-5	6.77E-5	1.39E-5	7.87E-5	9.95E-6	7.29E-6	1.67E-5	1.59E-5	5.8E-6	0	0	0	0	0
390	4.24E-5	2.37E-5	2.41E-5	1.67E-5	1.92E-5	1.17E-5	2.25E-5	2.25E-5	3.23E-5	2.81E-5	1.36E-5	4.57E-5	1.42E-5	2.75E-5	1.93E-5	6.9E-6	1.37E-5	9.62E-6	3.97E-6	0	0	0	0	0
395	1.49989E-4	2.02E-5	2.07E-5	1.62E-5	2.28E-5	7.03E-6	1.44E-5	1.44E-5	2.37E-5	2.25E-5	1.06E-5	3.23E-5	1.08E-5	3.49E-5	5.76E-6	7.04E-6	8.29E-6	4.99E-6	0	0	0	0	0	0
400	0.00154	2.67E-5	2.26E-5	2.11E-5	2.02E-5	1.34E-5	1.5E-5	1.5E-5	2.17E-5	2.55E-5	1.3E-5	4.59E-5	8.4E-6	4E-5	1.19E-5	7.06E-6	1.72E-5	5.5E-6	3.74E-6	0	0	0	0	0
405	0.00738	5.34E-5	3.64E-5	1.84E-5	1.53E-5	1.41E-5	1.05E-5	1.05E-5	2.59E-5	1.34E-5	8.65E-6	1.43E-5	9.74E-6	3.81E-5	7.47E-6	7.41E-6	9.71E-6	1.52E-5	4.66E-6	0	0	0	0	0
410	0.01873	1.23464E-4	2.6E-5	2.01E-5	2.22E-5	1.78E-5	1.67E-5	1.67E-5	1.74E-5	2.67E-5	9.06E-6	3.07E-5	8.87E-6	3.57E-5	1.29E-5	6.45E-6	2.31E-5	5.29E-6	4.1E-6	0	0	0	0	0
415	0.02852	3.29805E-4	3.25E-5	2.16E-5	2.28E-5	3E-5	1.49E-5	1.49E-5	1.92E-5	1.52E-5	9.78E-6	2.46E-5	1.84E-5	1.95E-5	1.1E-5	8.25E-6	1.75E-5	1.39E-5	3.35E-6	0	0	0	0	0
420	0.0352	9.9136E-4	7.01E-5	4.04E-5	3.96E-5	1.18351E-4	3.32E-5	3.32E-5	4.67E-5	4.02E-5	2.54E-5	4.39E-5	2.48E-5	6.27E-5	1.54E-5	1.96E-5	2.46E-5	1.97E-5	1.72E-5	0	0	0	0	0
425	0.03663	0.00232	9.24E-5	3.1E-5	2.63E-5	2.33225E-4	2.55E-5	2.55E-5	3.78E-5	3.06E-5	2.18E-5	4.31E-5	2.08E-5	4.56E-5	1.71E-5	1.85E-5	1.79E-5	2.37E-5	1.81E-5	0	0	0	0	0
430	0.02763	0.00479	1.61573E-4	3.58E-5	2.86E-5	4.23379E-4	2.25E-5	2.25E-5	2.85E-5	2.52E-5	2.3E-5	4E-5	2.29E-5	3.53E-5	1.65E-5	1.45E-5	1.61E-5	1.81E-5	1.46E-5	0	0	0	0	0
435	0.01781	0.00934	3.59575E-4	4.28E-5	3.6E-5	6.75015E-4	2.4E-5	2.4E-5	3.75E-5	2.31E-5	1.65E-5	3.71E-5	2.42E-5	2.4E-5	2.11E-5	1.35E-5	1.34E-5	1.79E-5	1.56E-5	0	0	0	0	0
440	0.01087	0.01638	8.52072E-4	5.47E-5	3.35E-5	8.85948E-4	2.39E-5	2.39E-5	2.9E-5	2.65E-5	1.56E-5	3.51E-5	2.42E-5	4.62E-5	1.91E-5	1.33E-5	2.19E-5	1.76E-5	1.2E-5	0	0	0	0	0
445	0.00627	0.02602	0.00195	8.03E-5	4.39E-5	9.62231E-4	2.32E-5	2.32E-5	2.6E-5	2.23E-5	1.62E-5	3.76E-5	2.04E-5	3.62E-5	1.89E-5	1.61E-5	1.61E-5	1.87E-5	1.23E-5	0	0	0	0	0
450	0.00345	0.03617	0.00415	1.40579E-4	5.49E-5	8.0074E-4	2.28E-5	2.28E-5	2.57E-5	2.19E-5	1.29E-5	3.64E-5	2.31E-5	3.63E-5	1.71E-5	1.32E-5	1.75E-5	1.29E-5	1.14E-5	0	0	0	0	0
455	0.00184	0.03815	0.00828	2.65163E-4	6.52E-5	5.01566E-4	2.2E-5	2.2E-5	3.65E-5	1.92E-5	1.58E-5	3.64E-5	2.21E-5	4.39E-5	1.83E-5	1.48E-5	1.59E-5	2.26E-5	1.15E-5	0	0	0	0	0
460	9.38113E-4	0.02759	0.01606	5.1361E-4	8.29E-5	3.00188E-4	1.94E-5	1.94E-5	2.52E-5	2.15E-5	1.35E-5	3.51E-5	2.46E-5	4.22E-5	1.94E-5	1.51E-5	1.58E-5	1.91E-5	1.02E-5	0	0	0	0	0
465	4.78329E-4	0.01574	0.02778	9.71392E-4	1.02491E-4	2.16435E-4	2.08E-5	2.08E-5	3.16E-5	1.77E-5	1.53E-5	3.43E-5	1.92E-5	3.96E-5	1.62E-5	1.51E-5	1.69E-5	1.9E-5	1.05E-5	0	0	0	0	0
470	2.59727E-4	0.00917	0.03835	0.00178	1.37764E-4	1.67699E-4	2.16E-5	2.16E-5	3.03E-5	2.36E-5	1.36E-5	4.03E-5	2.16E-5	4.8E-5	1.18E-5	1.45E-5	1.73E-5	1.94E-5	9.8E-6	0	0	0	0	0
475	1.54937E-4	0.00527	0.03754	0.00313	2.01507E-4	1.49686E-4	1.95E-5	1.95E-5	3.03E-5	2.22E-5	1.54E-5	3.06E-5	2.12E-5	4.59E-5	1.43E-5	1.59E-5	1.68E-5	2.1E-5	9.92E-6	0	0	0	0	0
480	1.01446E-4	0.00287	0.02659	0.00535	3.26108E-4	1.59108E-4	2.18E-5	2.18E-5	3.02E-5	2.14E-5	1.62E-5	3.89E-5	2.16E-5	3.79E-5	1.56E-5	1.53E-5	1.67E-5	2.03E-5	1.02E-5	0	0	0	0	0
485	7.65E-5	0.00155	0.0155	0.0087	5.68051E-4	1.89549E-4	2.54E-5	2.54E-5	2.78E-5	2.38E-5	1.46E-5	4.19E-5	2.32E-5	4.68E-5	1.6E-5	1.66E-5	1.45E-5	1.85E-5	1.04E-5	0	0	0	0	0
490	6.2E-5	8.37102E-4	0.00881	0.0133	0.00102	2.62898E-4	2.15E-5	2.15E-5	3.22E-5	2.28E-5	1.51E-5	3.94E-5	2.5E-5	4.93E-5	1.51E-5	1.43E-5	1.61E-5	1.59E-5	8.47E-6	0	0	0	0	0
495	5.54E-5	4.58865E-4	0.00494	0.01873	0.00178	4.17514E-4	2.35E-5	2.35E-5	3.26E-5	1.85E-5	1.52E-5	4.79E-5	2.08E-5	5.2E-5	1.73E-5	1.32E-5	1.65E-5	1.94E-5	1E-5	0	0	0	0	0
500	3.44E-5	2.4319E-4	0.00268	0.02381	0.00312	7.02235E-4	2.64E-5	2.64E-5	2.84E-5	2.09E-5	1.54E-5	5.61E-5	2.01E-5	5.04E-5	1.57E-5	1.4E-5	1.53E-5	1.93E-5	9.2E-6	0	0	0	0	0
505	3.34E-5	1.43803E-4	0.0015	0.02672	0.00547	0.00119	2.97E-5	2.97E-5	2.66E-5	2.1E-5	1.63E-5	4.17E-5	1.69E-5	5.17E-5	1.6E-5	1.28E-5	1.49E-5	1.89E-5	9.96E-6	0	0	0	0	0
510	3.54E-5	9.37E-5	8.80437E-4	0.02561	0.00939	0.00199	3.29E-5	3.29E-5	2.77E-5	1.74E-5	1.74E-5	3.74E-5	2.21E-5	4.83E-5	1.33E-5	1.36E-5	1.68E-5	1.85E-5	1.01E-5	0	0	0	0	0
515	3.7E-5	6.15E-5	5.04237E-4	0.02109	0.01511	0.00311	4.42E-5	4.42E-5	2.31E-5	1.89E-5	1.42E-5	4.36E-5	2.17E-5	4.71E-5	1.53E-5	1.32E-5	1.54E-5	1.77E-5	8.62E-6	0	0	0	0	0
520	3.28E-5	4.39E-5	2.8917E-4	0.01572	0.02151	0.0045	7.08E-5	7.08E-5	2.98E-5	1.71E-5	1.49E-5	4.14E-5	1.77E-5	4.53E-5	1.64E-5	1.3E-5	1.4E-5	1.85E-5	7.35E-6	0	0	0	0	0
525	3.23E-5	3.65E-5	1.74593E-4	0.011	0.02561	0.00594	1.26853E-4	1.26853E-4	3.1E-5	1.9E-5	1.73E-5	4.51E-5	2.03E-5	3.8E-5	1.23E-5	1.34E-5	1.36E-5	2.23E-5	8.08E-6	0	0	0	0	0
530	2.97E-5	3.06E-5	1.19127E-4	0.00765	0.02624	0.00746	2.4563E-4	2.4563E-4	3.35E-5	2.04E-5	1.51E-5	4.3E-5	2.12E-5	3.47E-5	1.59E-5	1.4E-5	1.5E-5	1.67E-5	8.24E-6	0	0	0	0	0
535	3.34E-5	2.83E-5	8.44E-5	0.00518	0.02342	0.00899	4.79645E-4	4.79645E-4	2.92E-5	1.87E-5	1.38E-5	4.05E-5	2.15E-5	3.9E-5	1.4E-5	1.28E-5	1.77E-5	1.95E-5	8.94E-6	0	0	0	0	0
540	2.95E-5	2.51E-5	6.84E-5	0.00333	0.01872	0.01034	9.21783E-4	9.21783E-4	3.38E-5	1.97E-5	1.51E-5	4.58E-5	1.9E-5	4.01E-5	1.24E-5	1.29E-5	1.67E-5	1.55E-5	6.77E-6	0	0	0	0	0
545	3.3E-5	2.64E-5	5.64E-5	0.0021	0.01427	0.01145	0.00167	0.00167	3.18E-5	2.01E-5	1.46E-5	3.59E-5	2E-5	4.24E-5	1.08E-5	1.29E-5	1.82E-5	1.88E-5	7.06E-6	0	0	0	0	0
550	3.08E-5	2.44E-5	5.46E-5	0.00131	0.01056	0.01225	0.0028	0.0028	3.47E-5	2E-5	1.32E-5	4.51E-5	1.88E-5	4.43E-5	1.09E-5	1.26E-5	1.74E-5	1.9E-5	6.95E-6	0	0	0	0	0
555	3.19E-5	2.29E-5	5.17E-5	8.0162E-4	0.00747	0.01258	0.00427	0.00427	3.21E-5	1.95E-5	1.38E-5	4.14E-5	1.75E-5	4.78E-5	1.33E-5	1.3E-5	1.66E-5	1.9E-5	6.26E-6	0	0	0	0	0
560	3.06E-5	2.4E-5	5.05E-5	4.69672E-4	0.00493	0.01246	0.0061	0.0061	4.09E-5	1.82E-5	1.39E-5	4.26E-5	1.65E-5	5.31E-5	1.42E-5	1.35E-5	1.34E-5	1.57E-5	5.83E-6	0	0	0	0	0
565	2.92E-5	2.23E-5	4.92E-5	2.71999E-4	0.0031	0.012	0.00812	0.00812	4.31E-5	2.11E-5	1.24E-5	3.26E-5	1.61E-5	4.06E-5	1.23E-5	1.27E-5	1.28E-5	1.53E-5	4.96E-6	0	0	0	0	0
570	2.91E-5	2.31E-5	4.95E-5	1.56042E-4	0.00191	0.01133	0.01015	0.01015	5.48E-5	2.14E-5	1.27E-5	2.74E-5	1.6E-5	4.46E-5	1.1E-5	1.16E-5	1.33E-5	1.37E-5	5.29E-6	0	0	0	0	0
575	2.98E-5	2.17E-5	4.89E-5	9.97E-5	0.00118	0.01057	0.01186	0.01186	7.52E-5	1.99E-5	1.32E-5	2.55E-5	1.57E-5	4.4E-5	1.03E-5	1.11E-5	1.24E-5	1.63E-5	5.25E-6	0	0	0	0	0
580	2.91E-5	1.86E-5	4.96E-5	6.9E-5	7.2788E-4	0.00976	0.01322	0.01322	1.1392E-4	2.53E-5	1.23E-5	3E-5	1.73E-5	3.9E-5	1.01E-5	9.47E-6	1E-5	1.45E-5	4.63E-6	0	0	0	0	0
585	2.81E-5	2.01E-5	4.86E-5	5.38E-5	4.44611E-4	0.00892	0.0141	0.0141	1.85767E-4	3.12E-5	1.4E-5	2.82E-5	1.74E-5	3.22E-5	1.24E-5	1.04E-5	9.6E-6	1.55E-5	3.69E-6	0	0	0	0	0
590	2.59E-5	1.87E-5	4.7E-5	4.58E-5	2.69208E-4	0.00802	0.01449	0.01449	3.21066E-4	3.99E-5	1.34E-5	3.13E-5	1.72E-5	2.74E-5	1.04E-5	1.04E-5	8.5E-6	1.55E-5	3.88E-6	0	0	0	0	0
595	2.46E-5	1.8E-5	4.46E-5	4.08E-5	1.63914E-4	0.00711	0.01443	0.01443	5.73549E-4	6.02E-5	1.28E-5	3.48E-5	1.62E-5	2.58E-5	1.15E-5	8.92E-6	6.64E-6	1.35E-5	3.98E-6	0	0	0	0	0
600	2.3E-5	1.66E-5	4.24E-5	3.7E-5	1.03751E-4	0.00623	0.01396	0.01396	0.00103	1.04339E-4	1.49E-5	4.12E-5	1.49E-5	2.26E-5	9.73E-6	9.41E-6	8.5E-6	1.38E-5	2.99E-6	0	0	0	0	0
605	2.3E-5	1.61E-5	3.91E-5	3.41E-5	7.43E-5	0.00539	0.01314	0.01314	0.00181	1.83019E-4	1.62E-5	3.73E-5	1.52E-5	2.36E-5	8.94E-6	7.8E-6	8.24E-6	1.54E-5	2.95E-6	0	0	0	0	0
610	2.07E-5	1.48E-5	3.84E-5	3.3E-5	5.37E-5	0.00462	0.01212	0.01212	0.00313	3.2145E-4	2.15E-5	3.67E-5	1.63E-5	2.82E-5	1.08E-5	7.48E-6	9E-6	1.53E-5	3.21E-6	0	0	0	0	0
615	2.1E-5	1.47E-5	3.62E-5	3.17E-5	4.32E-5	0.00387	0.01091	0.01091	0.00554	5.89348E-4	3.36E-5	3.34E-5	1.49E-5	2.58E-5	1.21E-5	6.09E-6	6.59E-6	1.63E-5	2.78E-6	0	0	0	0	0
620	2.09E-5	1.38E-5	3.25E-5	2.87E-5	3.44E-5	0.00316	0.00953	0.00953	0.00981	0.00109	5.84E-5	3.61E-5	1.48E-5	2.28E-5	9.72E-6	6.57E-6	1.14E-5	1.47E-5	3.2E-6	0	0	0	0	0
625	1.99E-5	1.29E-5	3.09E-5	2.83E-5	3.26E-5	0.00252	0.00815	0.00815	0.01691	0.00194	1.11154E-4	3.29E-5	1.43E-5	2.29E-5	8.93E-6	6.76E-6	9.79E-6	1.53E-5	3.52E-6	0	0	0	0	0
630	1.83E-5	1.16E-5	2.69E-5	2.65E-5	2.69E-5	0.00196	0.0068	0.0068	0.02752	0.0033	2.06756E-4	3.34E-5	1.41E-5	2.21E-5	8.58E-6	5.67E-6	6.13E-6	1.38E-5	2.06E-6	0	0	0	0	0
635	1.66E-5	1.01E-5	2.57E-5	2.41E-5	3.05E-5	0.00149	0.00557	0.00557	0.04073	0.00543	3.79299E-4	2.67E-5	1.31E-5	2.25E-5	9.21E-6	8.03E-6	9.95E-6	1.42E-5	3.21E-6	0	0	0	0	0
640	1.78E-5	9.98E-6	2.39E-5	2.41E-5	2.73E-5	0.00107	0.00443	0.00443	0.0448	0.00856	6.85932E-4	2.38E-5	1.36E-5	2.02E-5	9.29E-6	7.93E-6	1.1E-5	1.46E-5	2.88E-6	0	0	0	0	0
645	1.59E-5	1.03E-5	2.34E-5	2.17E-5	2.58E-5	7.30301E-4	0.00341	0.00341	0.02738	0.01305	0.00122	2.56E-5	1.32E-5	1.88E-5	1.02E-5	8.31E-6	1.29E-5	1.32E-5	2.67E-6	0	0	0	0	0
650	1.59E-5	8.31E-6	2.24E-5	2.08E-5	2.41E-5	4.58612E-4	0.00253	0.00253	0.01089	0.02028	0.00212	2.29E-5	1.3E-5	2.42E-5	8.52E-6	8.73E-6	1.19E-5	1.41E-5	2.09E-6	0	0	0	0	0
655	1.53E-5	9.67E-6	1.6E-5	1.93E-5	2.54E-5	2.67997E-4	0.00183	0.00183	0.00405	0.03134	0.0035	3.06E-5	1.38E-5	2.41E-5	9.81E-6	9.45E-6	1.34E-5	1.29E-5	2.56E-6	0	0	0	0	0
660	1.46E-5	8.08E-6	1.71E-5	1.93E-5	2.3E-5	1.467E-4	0.00129	0.00129	0.00159	0.04288	0.00553	3.7E-5	1.52E-5	1.42E-5	9.91E-6	9.32E-6	1.13E-5	1.2E-5	1.4E-6	0	0	0	0	0
665	1.38E-5	8.45E-6	1.78E-5	1.9E-5	2.52E-5	7.52E-5	8.6016E-4	8.6016E-4	6.78921E-4	0.04012	0.00853	6.93E-5	1.54E-5	2.18E-5	1.18E-5	9.3E-6	1.36E-5	1.3E-5	2.87E-6	0	0	0	0	0
670	1.46E-5	1E-5	1.78E-5	1.81E-5	2.41E-5	4.17E-5	5.42481E-4	5.42481E-4	3.0214E-4	0.01885	0.01261	1.15571E-4	1.99E-5	2.36E-5	9.39E-6	1.01E-5	1.33E-5	1.36E-5	2.3E-6	0	0	0	0	0
675	1.14E-5	9.08E-6	1.54E-5	1.72E-5	2.3E-5	2.88E-5	3.1874E-4	3.1874E-4	1.36035E-4	0.00644	0.01747	2.22327E-4	2.61E-5	2.47E-5	1.11E-5	1.01E-5	1.42E-5	1.11E-5	3.05E-6	0	0	0	0	0
680	1.42E-5	8.91E-6	1.42E-5	9.95E-6	1.54E-5	1.52E-5	1.65791E-4	1.65791E-4	5.65E-5	0.00225	0.02291	4.32179E-4	3.99E-5	3.15E-5	1.78E-5	1.23E-5	1.32E-5	1.39E-5	4.3E-6	0	0	0	0	0
685	1.26E-5	8.94E-6	1.29E-5	8.38E-6	1.27E-5	1.45E-5	8.5E-5	8.5E-5	3.18E-5	8.44423E-4	0.02747	7.93417E-4	6.22E-5	3.28E-5	1.89E-5	1.12E-5	1.4E-5	1.25E-5	4E-6	0	0	0	0	0
690	1.11E-5	7E-6	1.05E-5	5.26E-6	1.18E-5	1.12E-5	4.03E-5	4.03E-5	2.1E-5	3.39678E-4	0.03236	0.00141	1.09638E-4	3.49E-5	1.68E-5	9.02E-6	1.24E-5	7.02E-6	2.41E-6	0	0	0	0	0
695	1.1E-5	7.4E-6	1.19E-5	6.31E-6	1.05E-5	9.94E-6	2.06E-5	2.06E-5	1.67E-5	1.41275E-4	0.03215	0.00251	2.04213E-4	5.63E-5	2.41E-5	1.05E-5	1.38E-5	8.99E-6	2.95E-6	0	0	0	0	0
700	1.25E-5	7.37E-6	1.21E-5	8.51E-6	1.38E-5	9.42E-6	1.17E-5	1.17E-5	1.56E-5	6.33E-5	0.0196	0.00433	3.80764E-4	9.29E-5	3.71E-5	1.18E-5	1.69E-5	8.89E-6	3.04E-6	0	0	0	0	0
705	1.17E-5	7.99E-6	1.35E-5	8.95E-6	1.29E-5	9.8E-6	9.94E-6	9.94E-6	1.42E-5	3.1E-5	0.00768	0.00729	6.98005E-4	1.59126E-4	5.93E-5	1.2E-5	1.77E-5	9.06E-6	3.24E-6	0	0	0	0	0
710	1.4E-5	9.39E-6	1.43E-5	9.81E-6	1.4E-5	9.63E-6	9.95E-6	9.95E-6	1.82E-5	2.16E-5	0.00272	0.01181	0.00124	2.75663E-4	1.03397E-4	1.48E-5	1.8E-5	1.11E-5	3.7E-6	0	0	0	0	0
715	1.34E-5	7.8E-6	1.39E-5	1.01E-5	1.37E-5	8.9E-6	7.27E-6	7.27E-6	1.57E-5	1.52E-5	9.45746E-4	0.01857	0.00223	4.89213E-4	1.82442E-4	1.79E-5	2.01E-5	1.15E-5	4.29E-6	0	0	0	0	0
720	1.2E-5	8.45E-6	9.75E-6	9.64E-6	8.88E-6	7.31E-6	6.21E-6	6.21E-6	1.32E-5	1.23E-5	3.22209E-4	0.02692	0.00398	8.98294E-4	3.32747E-4	2.21E-5	1.65E-5	1.1E-5	2.96E-6	0	0	0	0	0
725	1.35E-5	7.44E-6	9.65E-6	1E-5	1.27E-5	7.09E-6	8.15E-6	8.15E-6	1.17E-5	9.41E-6	1.12436E-4	0.03344	0.0071	0.00168	6.33589E-4	3.45E-5	1.51E-5	1.12E-5	2.6E-6	0	0	0	0	0
730	1.28E-5	8.52E-6	1.2E-5	7.24E-6	1.15E-5	7.41E-6	7.3E-6	7.3E-6	1.51E-5	9.74E-6	4.5E-5	0.0325	0.01201	0.00296	0.00114	5.59E-5	1.9E-5	1.06E-5	3.56E-6	0	0	0	0	0
735	1.55E-5	9.34E-6	1.58E-5	1.01E-5	1.42E-5	1E-5	9.26E-6	9.26E-6	1.71E-5	1.2E-5	2.57E-5	0.02443	0.01892	0.00482	0.00194	9.35E-5	2.3E-5	1.55E-5	4.53E-6	0	0	0	0	0
740	1.68E-5	1.04E-5	1.61E-5	1.15E-5	1.72E-5	1.02E-5	1.05E-5	1.05E-5	1.9E-5	1.35E-5	2.12E-5	0.01493	0.02691	0.00745	0.00311	1.53947E-4	2.6E-5	1.62E-5	5.64E-6	0	0	0	0	0
745	1.87E-5	9.82E-6	1.75E-5	1.27E-5	1.83E-5	1.1E-5	1.19E-5	1.19E-5	2.07E-5	1.25E-5	1.96E-5	0.00809	0.02989	0.01105	0.00471	2.47371E-4	3.22E-5	1.98E-5	5.64E-6	0	0	0	0	0
750	1.91E-5	1.05E-5	1.84E-5	1.35E-5	1.94E-5	1.19E-5	1.15E-5	1.15E-5	2.29E-5	1.41E-5	1.67E-5	0.00411	0.02198	0.0158	0.00708	3.95852E-4	4.07E-5	2.44E-5	5.4E-6	0	0	0	0	0
755	1.8E-5	1.15E-5	1.82E-5	1.37E-5	1.92E-5	1.21E-5	1.27E-5	1.27E-5	2.32E-5	1.51E-5	1.59E-5	0.00207	0.01412	0.02103	0.01023	6.28958E-4	4.88E-5	2.55E-5	6.51E-6	0	0	0	0	0
760	1.4E-5	8.48E-6	1.32E-5	1.03E-5	1.44E-5	7.72E-6	6.99E-6	6.99E-6	1.54E-5	1.25E-5	1.38E-5	0.00104	0.01104	0.02622	0.01449	9.83768E-4	5.54E-5	2.28E-5	4.88E-6	0	0	0	0	0
765	8.66E-6	5.83E-6	1.02E-5	5.96E-6	8.77E-6	4.28E-6	4.07E-6	4.07E-6	9.45E-6	5.75E-6	9.56E-6	5.24388E-4	0.01041	0.03046	0.0196	0.00153	7.57E-5	1.53E-5	3.12E-6	0	0	0	0	0
770	1.52E-5	1.07E-5	1.33E-5	1.04E-5	1.6E-5	1.03E-5	9.84E-6	9.84E-6	1.91E-5	1.33E-5	1.32E-5	2.97682E-4	0.01045	0.03016	0.02523	0.00241	1.25419E-4	2.99E-5	5.99E-6	0	0	0	0	0
775	1.69E-5	1.14E-5	1.83E-5	1.19E-5	1.71E-5	1.2E-5	9.94E-6	9.94E-6	1.84E-5	1.53E-5	1.39E-5	1.83907E-4	0.00971	0.0215	0.03053	0.00377	1.97176E-4	3.68E-5	6.12E-6	0	0	0	0	0
780	1.46E-5	1.18E-5	1.78E-5	1.29E-5	1.89E-5	1.17E-5	1.02E-5	1.02E-5	2.14E-5	1.44E-5	1.31E-5	1.19504E-4	0.00749	0.01121	0.03186	0.00577	3.03042E-4	4.2E-5	6.6E-6	0	0	0	0	0
785	1.46E-5	1.15E-5	1.85E-5	1.32E-5	2.1E-5	1.18E-5	1.08E-5	1.08E-5	1.98E-5	1.59E-5	1.29E-5	9.21E-5	0.00471	0.00524	0.02436	0.0085	4.55466E-4	4.88E-5	7.07E-6	0	0	0	0	0
790	1.43E-5	1.09E-5	1.84E-5	1.32E-5	1.78E-5	1.16E-5	1.15E-5	1.15E-5	2.01E-5	1.57E-5	1.16E-5	7.26E-5	0.00248	0.00245	0.01267	0.01206	6.78307E-4	6.75E-5	7.43E-6	0	0	0	0	0
795	1.2E-5	1.12E-5	1.74E-5	1.19E-5	1.72E-5	1.04E-5	1.07E-5	1.07E-5	1.72E-5	1.3E-5	1.12E-5	6.49E-5	0.00116	0.00115	0.0055	0.01648	0.00101	1.10443E-4	7.07E-6	0	0	0	0	0
800	1.15E-5	9.61E-6	1.84E-5	1.28E-5	1.73E-5	1.12E-5	1.04E-5	1.04E-5	1.84E-5	1.28E-5	1.12E-5	5.35E-5	5.29631E-4	5.64478E-4	0.00238	0.02126	0.00151	1.77925E-4	9.96E-6	0	0	0	0	0
805	1.08E-5	9.18E-6	1.61E-5	1.12E-5	1.64E-5	1.07E-5	9.42E-6	9.42E-6	1.89E-5	1.36E-5	1.17E-5	5.51E-5	2.53244E-4	3.09045E-4	0.00109	0.02537	0.00221	2.88914E-4	1.01E-5	0	0	0	0	0
810	1.03E-5	1.08E-5	1.71E-5	1.01E-5	1.51E-5	1.12E-5	1.05E-5	1.05E-5	1.83E-5	1.24E-5	1.02E-5	5E-5	1.33098E-4	1.86801E-4	5.37633E-4	0.02711	0.00316	4.38614E-4	8.64E-6	0	0	0	0	0
815	9.7E-6	8.35E-6	1.19E-5	8.78E-6	1.34E-5	9.64E-6	9.24E-6	9.24E-6	1.57E-5	1.16E-5	9.9E-6	4.36E-5	7.94E-5	1.17584E-4	2.89927E-4	0.0255	0.00443	6.53754E-4	7.45E-6	0	0	0	0	0
820	6.06E-6	7.04E-6	1.2E-5	6.1E-6	1.2E-5	8.02E-6	8.27E-6	8.27E-6	1.45E-5	9.25E-6	7.96E-6	3.75E-5	4.97E-5	8.43E-5	1.67451E-4	0.02005	0.00619	9.71399E-4	9.17E-6	0	0	0	0	0
825	8.43E-6	8.39E-6	1.02E-5	6.56E-6	1.29E-5	8.44E-6	8.44E-6	8.44E-6	1.35E-5	1.02E-5	8.9E-6	3.85E-5	3.57E-5	6.85E-5	1.02819E-4	0.01275	0.00855	0.00144	1.02E-5	0	0	0	0	0
830	9.76E-6	8.46E-6	9.88E-6	8.62E-6	1.4E-5	9.67E-6	7.37E-6	7.37E-6	1.34E-5	8.14E-6	8.71E-6	3.78E-5	2.72E-5	5.33E-5	6.94E-5	0.00687	0.01157	0.00211	1.2E-5	0	0	0	0	0
835	1.08E-5	8.71E-6	1.32E-5	8.43E-6	1.34E-5	9.53E-6	6.92E-6	6.92E-6	1.56E-5	1.24E-5	8.97E-6	3.91E-5	2.22E-5	4.84E-5	5.28E-5	0.00343	0.01509	0.00297	1.59E-5	0	0	0	0	0
840	9.55E-6	9.08E-6	1.57E-5	1.05E-5	1.51E-5	1.05E-5	8.92E-6	8.92E-6	1.6E-5	1.12E-5	8.84E-6	4.18E-5	2.24E-5	4.09E-5	4.21E-5	0.00167	0.01934	0.00415	2.22E-5	0	0	0	0	0
845	9.04E-6	9.87E-6	1.1E-5	1.06E-5	1.45E-5	1.1E-5	8.93E-6	8.93E-6	1.73E-5	1.17E-5	9.71E-6	3.83E-5	2.07E-5	4.45E-5	3.8E-5	8.22733E-4	0.02377	0.00567	2.98E-5	0	0	0	0	0
850	9.95E-6	9.13E-6	1.52E-5	1.03E-5	1.67E-5	1.01E-5	9.83E-6	9.83E-6	1.63E-5	1.1E-5	8.04E-6	3.96E-5	2.07E-5	3.94E-5	3.3E-5	4.22407E-4	0.02732	0.0076	4.31E-5	0	0	0	0	0
855	7.58E-6	8.82E-6	1.41E-5	8.04E-6	1.38E-5	1.07E-5	7.58E-6	7.58E-6	1.45E-5	1.21E-5	7.74E-6	3.71E-5	1.96E-5	3.57E-5	2.65E-5	2.36087E-4	0.02686	0.00983	6.34E-5	0	0	0	0	0
860	9.7E-6	8.39E-6	1.37E-5	1E-5	1.42E-5	1.22E-5	8.52E-6	8.52E-6	1.67E-5	1.13E-5	8.48E-6	3.54E-5	2E-5	3.64E-5	2.61E-5	1.43877E-4	0.02064	0.01215	9.39E-5	0	0	0	0	0
865	9.91E-6	7.22E-6	1.51E-5	9.89E-6	1.5E-5	1.09E-5	9.09E-6	9.09E-6	1.57E-5	1.19E-5	8.76E-6	3.75E-5	1.93E-5	3.4E-5	2.35E-5	9.12E-5	0.01217	0.0145	1.40934E-4	0	0	0	0	0
870	9.38E-6	7.29E-6	1.33E-5	9.11E-6	1.53E-5	1.06E-5	8.64E-6	8.64E-6	1.65E-5	1.11E-5	8.01E-6	3.42E-5	1.77E-5	4.39E-5	2.17E-5	6.21E-5	0.00622	0.0166	2.11323E-4	0	0	0	0	0
875	8.21E-6	7.27E-6	1.43E-5	9.75E-6	1.5E-5	1.02E-5	8.53E-6	8.53E-6	1.76E-5	1.14E-5	7.69E-6	3.25E-5	1.65E-5	4.29E-5	2.2E-5	4.39E-5	0.00315	0.01816	3.15597E-4	0	0	0	0	0
880	9.29E-6	6.92E-6	1.2E-5	9.89E-6	1.4E-5	1.09E-5	8.03E-6	8.03E-6	1.69E-5	1.14E-5	7.34E-6	3.11E-5	1.54E-5	4.3E-5	2.03E-5	3.25E-5	0.00162	0.0187	4.51489E-4	0	0	0	0	0
885	8.55E-6	7.9E-6	1.38E-5	9.22E-6	1.45E-5	9.35E-6	7.76E-6	7.76E-6	1.62E-5	1.15E-5	6.33E-6	3.32E-5	1.32E-5	4.15E-5	1.86E-5	2.46E-5	8.52252E-4	0.01801	6.208E-4	0	0	0	0	0
890	7.59E-6	6.6E-6	1.28E-5	8.62E-6	1.39E-5	8.86E-6	8.66E-6	8.66E-6	1.58E-5	1.15E-5	6.58E-6	3.2E-5	9.07E-6	3.18E-5	1.75E-5	1.91E-5	4.52312E-4	0.01614	8.48986E-4	0	0	0	0	0
895	5.98E-6	7.6E-6	1.15E-5	8.02E-6	1.13E-5	7.56E-6	6.88E-6	6.88E-6	1.16E-5	8.84E-6	5.9E-6	3.07E-5	7.45E-6	3.14E-5	1.6E-5	1.49E-5	2.47787E-4	0.01356	0.00117	0	0	0	0	0
900	5.42E-6	5.62E-6	5.73E-6	4.65E-6	7.41E-6	5.45E-6	6.1E-6	6.1E-6	1.09E-5	5.06E-6	4.24E-6	2.32E-5	5.22E-6	1.89E-5	1.07E-5	9.87E-6	1.38813E-4	0.01054	0.00161	8.98E-5	9.47E-5	0	0	0
905	5.49E-6	5.4E-6	8.12E-6	5.46E-6	1.09E-5	5.72E-6	4.86E-6	4.86E-6	1.19E-5	6.24E-6	4.58E-6	1.5E-5	5.21E-6	2.1E-5	1.24E-5	8.36E-6	8.23E-5	0.00772	0.00214	1.05E-4	1.08E-4	0	0	0
910	5.47E-6	4.95E-6	7.37E-6	4.14E-6	8.55E-6	5.96E-6	4.64E-6	4.64E-6	7.21E-6	5.43E-6	3.82E-6	1.9E-5	3.84E-6	1.39E-5	1.14E-5	6.66E-6	5.26E-5	0.00544	0.00281	8.53E-5	8.84E-5	0	0	0
915	3.9E-6	3.81E-6	5.28E-6	4.63E-6	7.25E-6	5.33E-6	4.05E-6	4.05E-6	7.27E-6	4.91E-6	3.13E-6	1.97E-5	4.87E-6	1.18E-5	9.36E-6	5.58E-6	3.53E-5	0.00372	0.00371	8.28E-5	8.6E-5	0	0	0
920	5.25E-6	3.8E-6	6E-6	5.14E-6	7.7E-6	5.25E-6	4.9E-6	4.9E-6	7.05E-6	7.86E-6	3.58E-6	2.14E-5	4.29E-6	1.27E-5	1.11E-5	4.39E-6	2.63E-5	0.00244	0.00479	1.02E-4	1.11E-4	0	0	0
925	4.61E-6	3.56E-6	7.75E-6	6.44E-6	1.02E-5	5.72E-6	4.31E-6	4.31E-6	1.01E-5	6.24E-6	3.95E-6	1.78E-5	4.46E-6	1.64E-5	1.06E-5	4.62E-6	2.02E-5	0.00157	0.00599	9.78E-5	1.05E-4	0	0	0
930	3.52E-6	2.37E-6	4.68E-6	4.17E-6	6.19E-6	2.81E-6	2.51E-6	2.51E-6	6.01E-6	4.29E-6	2.51E-6	1.64E-5	2.59E-6	1.19E-5	5.92E-6	3.18E-6	1.39E-5	0.001	0.00732	6.98E-5	9.48E-5	0	0	0
935	0	0	0	0	0	1.05E-7	0	0	0	0	0	0	0	0	0	4.36E-7	3.79E-6	6.42868E-4	0.00893	6.36E-5	9.73E-5	0	0	0
940	6.65E-7	1.07E-6	1.37E-6	1.72E-6	1.33E-6	3.18E-8	8.87E-7	8.87E-7	5.09E-7	1.1E-6	9.32E-7	3.58E-6	7.81E-7	3.25E-6	6.56E-7	1.22E-6	4.66E-6	4.0877E-4	0.01092	6.37E-5	1.31E-4	0	0	0
945	1.89E-6	1.7E-6	2.56E-7	7.31E-7	2.72E-6	0	4.68E-7	4.68E-7	8.88E-7	1.13E-6	8.46E-7	4.75E-6	7.16E-7	1.54E-6	5.07E-7	7.02E-7	2.92E-6	2.55433E-4	0.01334	6.8E-5	1.64E-4	0	0	0
950	2.33E-6	1.26E-6	1.59E-6	1.13E-6	2.81E-6	9.07E-7	1.14E-6	1.14E-6	2.66E-6	8.82E-7	2.3E-7	5.71E-6	3.08E-7	3.88E-6	1.57E-6	9.6E-7	6.72E-7	1.63808E-4	0.01605	7.47E-5	2.19E-4	0	0	0
955	1.14E-6	2.03E-6	1.17E-6	1.36E-6	2.85E-6	2.06E-6	5.69E-7	5.69E-7	1.21E-6	1.46E-6	7.09E-8	2.52E-6	6.26E-7	3.51E-6	1.65E-6	7.93E-7	1.81E-6	1.05912E-4	0.01886	8.56E-5	3.07E-4	0	0	0
960	2.14E-6	2.32E-6	2.97E-6	1.45E-6	3.19E-6	2.18E-6	1.45E-6	1.45E-6	6.16E-7	2.5E-6	5.63E-7	1.73E-6	7.76E-7	4.74E-6	2.23E-6	2.7E-7	7.12E-8	6.98E-5	0.02154	1.06E-4	4.37E-4	0	0	0
965	2.1E-6	3.04E-6	3.51E-6	3.11E-6	5.34E-6	3E-6	2.09E-6	2.09E-6	3.57E-6	3.72E-6	1.87E-6	4.45E-6	7.62E-7	6.77E-6	4.04E-6	0	3.09E-6	4.5E-5	0.02268	1.45E-4	6.47E-4	0	0	0
970	3.68E-6	4.35E-6	5.91E-6	4.56E-6	7.82E-6	5.5E-6	3.44E-6	3.44E-6	7.23E-6	4.54E-6	2.39E-6	6.6E-6	3.45E-6	7.46E-6	6.74E-6	1.16E-6	5.54E-6	3.14E-5	0.02032	2.19E-4	9.49E-4	0	0	0
975	3.9E-6	4.05E-6	5.15E-6	4.92E-6	8.53E-6	3.98E-6	3.45E-6	3.45E-6	6.39E-6	5.69E-6	2.08E-6	5.91E-6	2.59E-6	8.18E-6	6.18E-6	4.01E-7	4.49E-6	2.06E-5	0.01464	3.1E-4	0.00132	0	0	0
980	4.27E-6	3.84E-6	6.3E-6	5.98E-6	8.93E-6	4.76E-6	3.9E-6	3.9E-6	7.47E-6	6.42E-6	2.29E-6	5.27E-6	3.91E-6	8.43E-6	6.8E-6	3.89E-7	2.48E-6	1.19E-5	0.00888	4.66E-4	0.00178	0	0	0
985	5.16E-6	4.58E-6	7.51E-6	6.72E-6	1.17E-5	4.95E-6	4.42E-6	4.42E-6	8.89E-6	6.51E-6	3.44E-6	4.93E-6	6.05E-6	1.27E-5	9.15E-6	1.17E-6	4.34E-6	8.99E-6	0.0048	6.98E-4	0.00233	0	0	0
990	6.15E-6	4.6E-6	8.01E-6	7.1E-6	1.13E-5	6.05E-6	5.08E-6	5.08E-6	1.05E-5	6.09E-6	3.72E-6	9.8E-6	6.73E-6	1.25E-5	8.6E-6	1.48E-6	4.44E-6	7.37E-6	0.00251	0.00104	0.00299	0	0	0
995	5.82E-6	5.32E-6	8.6E-6	6.54E-6	1.26E-5	5.75E-6	5.26E-6	5.26E-6	1.01E-5	7.25E-6	4.33E-6	1.31E-5	7.46E-6	1.3E-5	9.1E-6	1.63E-6	4.39E-6	4.55E-6	0.00136	0.00153	0.00376	0	0	0
1000	6.32E-6	4.95E-6	9.26E-6	6.99E-6	1.22E-5	6.38E-6	5.7E-6	5.7E-6	1.04E-5	7.19E-6	4.06E-6	9.97E-6	6.83E-6	1.27E-5	5.92E-6	1.72E-6	4.9E-6	2.22E-6	7.74753E-4	0.00216	0.00464	0	0	0
1005	5.34E-6	5.19E-6	7.48E-6	6.78E-6	1.25E-5	5.85E-6	5.54E-6	5.54E-6	8.66E-6	7.04E-6	2.87E-6	8.83E-6	6.69E-6	1.22E-5	8E-6	1.22E-6	3.33E-6	1.33E-6	4.60941E-4	0.003	0.00566	0	0	0
1010	6.13E-6	4.32E-6	8.61E-6	7.29E-6	1.34E-5	6.43E-6	6.1E-6	6.1E-6	1.15E-5	7.79E-6	3.65E-6	1.12E-5	6.48E-6	1.14E-5	9.06E-6	1.9E-6	2.98E-6	5.13E-7	2.80419E-4	0.00408	0.0068	0	0	0
1015	5.33E-6	3.87E-6	8.61E-6	6.49E-6	1.36E-5	5.75E-6	4.94E-6	4.94E-6	9.22E-6	8.05E-6	3.76E-6	1.54E-5	6.27E-6	1.06E-5	8.83E-6	1.81E-6	4.83E-6	0	1.77731E-4	0.00563	0.00835	0	0	0
1020	5.56E-6	4.15E-6	7.62E-6	6.35E-6	1.37E-5	6.39E-6	5.02E-6	5.02E-6	8.59E-6	7.73E-6	3.86E-6	1.89E-5	6.75E-6	9.67E-6	8.63E-6	1.97E-6	3.53E-6	1.99E-7	1.16328E-4	0.00738	0.00979	0	0	0
1025	5.42E-6	4.4E-6	8.07E-6	7.43E-6	1.51E-5	4.96E-6	5.69E-6	5.69E-6	9.77E-6	7.67E-6	3.21E-6	1.83E-5	6.74E-6	9.4E-6	8.29E-6	3E-6	4.06E-6	2.95E-7	7.93E-5	0.00934	0.0113	0	0	0
1030	5.35E-6	5.73E-6	8.86E-6	6.6E-6	1.5E-5	5.44E-6	4.94E-6	4.94E-6	8.93E-6	5.94E-6	3.1E-6	1.67E-5	5.98E-6	9.17E-6	8.59E-6	3.5E-6	3.4E-6	1.44E-6	5.54E-5	0.0116	0.0128	0	0	0
1035	6.95E-6	4.28E-6	4.72E-6	6.66E-6	1.24E-5	4.31E-6	4.31E-6	4.31E-6	1.04E-5	7.35E-6	4.38E-6	1.25E-5	5.97E-6	1.02E-5	7.62E-6	4.51E-6	3.16E-6	6.79E-7	3.89E-5	0.014	0.0143	0	0	0
1040	6.48E-6	5.14E-6	9.51E-6	6.75E-6	9.92E-6	4.53E-6	5.63E-6	5.63E-6	1.01E-5	7.47E-6	4.2E-6	1.65E-5	5.58E-6	1.26E-5	6.64E-6	4.61E-6	2.83E-6	2.26E-6	2.94E-5	0.0164	0.0154	0	0	0
1045	6.78E-6	5.61E-6	8.76E-6	7.32E-6	1.01E-5	4.79E-6	4.41E-6	4.41E-6	1.26E-5	7.31E-6	3.89E-6	1.86E-5	6.57E-6	1.27E-5	8.36E-6	3.66E-6	4.73E-6	3.09E-6	2.27E-5	0.0184	0.0162	0	0	0
1050	6.99E-6	4.09E-6	7.58E-6	5.71E-6	1.08E-5	4.26E-6	5.96E-6	5.96E-6	9.2E-6	7.37E-6	4.45E-6	1.79E-5	5.68E-6	1.26E-5	4.82E-6	2.7E-6	2.88E-6	4.29E-6	1.73E-5	0.0194	0.0163	0	0	0
1055	7.76E-6	5E-6	1.05E-5	7.38E-6	9.82E-6	5.24E-6	4.54E-6	4.54E-6	9.21E-6	7.37E-6	5.12E-6	1.58E-5	6.23E-6	1.25E-5	8.05E-6	2.95E-6	4.92E-6	5.97E-6	1.55E-5	0.0191	0.0154	0	0	0
1060	7.27E-6	4.49E-6	6.85E-6	7.62E-6	8.23E-6	5.16E-6	5.82E-6	5.82E-6	1.11E-5	6.85E-6	4.15E-6	1.81E-5	6.73E-6	1.37E-5	9.67E-6	2.52E-6	4.39E-6	5.22E-6	1.48E-5	0.0171	0.0134	0	0	0
1065	5.14E-6	3.41E-6	8.23E-6	8.17E-6	9.1E-6	4.87E-6	4.24E-6	4.24E-6	9.37E-6	7.1E-6	5.4E-6	2.12E-5	5.2E-6	1.25E-5	7.98E-6	1.74E-6	3.84E-6	7.33E-6	1.37E-5	0.0139	0.0105	0	0	0
1070	7.46E-6	2.52E-6	7.5E-6	5.79E-6	6.25E-6	4.53E-6	5.32E-6	5.32E-6	9.82E-6	8.48E-6	6.14E-6	2.17E-5	4.93E-6	8.26E-6	8.58E-6	3.26E-6	6.42E-6	9.56E-6	1.28E-5	0.0104	0.00771	0	0	0
1075	8.95E-6	4.31E-6	8.21E-6	3.77E-6	9.85E-6	6.65E-6	6.78E-6	6.78E-6	8.25E-6	1.07E-5	3.81E-6	1.79E-5	5.88E-6	1.35E-5	1.22E-5	5.14E-6	0	8.49E-6	1.34E-5	0.00726	0.00527	0	0	0
1080	7.86E-6	4.13E-6	8.1E-6	5.4E-6	6.14E-6	4.5E-6	4.23E-6	4.23E-6	7.69E-6	8.48E-6	5.98E-6	2.08E-5	6.7E-6	1.08E-5	1.06E-5	3.12E-6	8.59E-6	1.14E-5	1.38E-5	0.00492	0.00349	0	0	0
1085	6.54E-6	5.01E-6	8.01E-6	6.25E-6	1.09E-5	4.17E-6	5.4E-6	5.4E-6	1.21E-5	1.15E-5	6.53E-6	1.84E-5	7.84E-6	1.5E-5	8.43E-6	5.55E-6	6.57E-6	7.54E-6	1.25E-5	0.00333	0.00231	0	0	0
1090	8.63E-6	3.88E-6	8.55E-6	6.55E-6	7.04E-6	3.72E-6	4.72E-6	4.72E-6	9.35E-6	7.69E-6	5.83E-6	9.55E-6	8.84E-6	2.12E-5	1.33E-5	5.72E-6	5.82E-6	7.6E-6	1.3E-5	0.00224	0.00152	0	0	0
1095	7.31E-6	4.59E-6	7.78E-6	7.07E-6	6.8E-6	5.74E-6	3.89E-6	3.89E-6	9.16E-6	8.72E-6	5.79E-6	1.54E-5	1.07E-5	1.77E-5	1.12E-5	6.38E-6	3.72E-6	7.08E-6	1.4E-5	0.00153	0.00102	0	0	0
1100	9.48E-6	3.49E-6	1.01E-5	8.15E-6	1.43E-5	4.92E-6	9.28E-6	9.28E-6	1.48E-5	9.27E-6	5.1E-6	2.96E-5	7.23E-6	1.99E-5	6.54E-6	3.77E-6	1.08E-5	9.72E-6	1.47E-5	0.00105	6.9E-4	0	0	0